date,subregion2_name,new_confirmed,new_deceased,cumulative_confirmed,cumulative_deceased,new_hospitalized_patients,cumulative_hospitalized_patients,population
01/01/2020,Rotterdam,,,,,,,650000
02/01/2020,Rotterdam,,,,,,,650000
03/01/2020,Rotterdam,,,,,,,650000
04/01/2020,Rotterdam,,,,,,,650000
05/01/2020,Rotterdam,,,,,,,650000
06/01/2020,Rotterdam,,,,,,,650000
07/01/2020,Rotterdam,,,,,,,650000
08/01/2020,Rotterdam,,,,,,,650000
09/01/2020,Rotterdam,,,,,,,650000
10/01/2020,Rotterdam,,,,,,,650000
11/01/2020,Rotterdam,,,,,,,650000
12/01/2020,Rotterdam,,,,,,,650000
13/01/2020,Rotterdam,,,,,,,650000
14/01/2020,Rotterdam,,,,,,,650000
15/01/2020,Rotterdam,,,,,,,650000
16/01/2020,Rotterdam,,,,,,,650000
17/01/2020,Rotterdam,,,,,,,650000
18/01/2020,Rotterdam,,,,,,,650000
19/01/2020,Rotterdam,,,,,,,650000
20/01/2020,Rotterdam,,,,,,,650000
21/01/2020,Rotterdam,,,,,,,650000
22/01/2020,Rotterdam,,,,,,,650000
23/01/2020,Rotterdam,,,,,,,650000
24/01/2020,Rotterdam,,,,,,,650000
25/01/2020,Rotterdam,,,,,,,650000
26/01/2020,Rotterdam,,,,,,,650000
27/01/2020,Rotterdam,,,,,,,650000
28/01/2020,Rotterdam,,,,,,,650000
29/01/2020,Rotterdam,,,,,,,650000
30/01/2020,Rotterdam,,,,,,,650000
31/01/2020,Rotterdam,,,,,,,650000
01/02/2020,Rotterdam,,,,,,,650000
02/02/2020,Rotterdam,,,,,,,650000
03/02/2020,Rotterdam,,,,,,,650000
04/02/2020,Rotterdam,,,,,,,650000
05/02/2020,Rotterdam,,,,,,,650000
06/02/2020,Rotterdam,,,,,,,650000
07/02/2020,Rotterdam,,,,,,,650000
08/02/2020,Rotterdam,,,,,,,650000
09/02/2020,Rotterdam,,,,,,,650000
10/02/2020,Rotterdam,,,,,,,650000
11/02/2020,Rotterdam,,,,,,,650000
12/02/2020,Rotterdam,,,,,,,650000
13/02/2020,Rotterdam,,,,,,,650000
14/02/2020,Rotterdam,,,,,,,650000
15/02/2020,Rotterdam,,,,,,,650000
16/02/2020,Rotterdam,,,,,,,650000
17/02/2020,Rotterdam,,,,,,,650000
18/02/2020,Rotterdam,,,,,,,650000
19/02/2020,Rotterdam,,,,,,,650000
20/02/2020,Rotterdam,,,,,,,650000
21/02/2020,Rotterdam,,,,,,,650000
22/02/2020,Rotterdam,,,,,,,650000
23/02/2020,Rotterdam,,,,,,,650000
24/02/2020,Rotterdam,,,,,,,650000
25/02/2020,Rotterdam,,,,,,,650000
26/02/2020,Rotterdam,,,,,,,650000
27/02/2020,Rotterdam,,,,,,,650000
28/02/2020,Rotterdam,,,,,,,650000
29/02/2020,Rotterdam,,,,,,,650000
01/03/2020,Rotterdam,,,,,,,650000
02/03/2020,Rotterdam,,,,,,,650000
03/03/2020,Rotterdam,,,,,,,650000
04/03/2020,Rotterdam,,,,,,,650000
05/03/2020,Rotterdam,,,,,,,650000
06/03/2020,Rotterdam,,,,,,,650000
07/03/2020,Rotterdam,,,,,,,650000
08/03/2020,Rotterdam,,,,,,,650000
09/03/2020,Rotterdam,,,,,,,650000
10/03/2020,Rotterdam,,,,,,,650000
11/03/2020,Rotterdam,,,,,,,650000
12/03/2020,Rotterdam,,,,,,,650000
13/03/2020,Rotterdam,,,20,0,,1,650000
14/03/2020,Rotterdam,4,0,24,0,0,1,650000
15/03/2020,Rotterdam,1,0,25,0,0,1,650000
16/03/2020,Rotterdam,5,0,30,0,1,2,650000
17/03/2020,Rotterdam,11,0,41,0,0,2,650000
18/03/2020,Rotterdam,17,0,58,0,3,5,650000
19/03/2020,Rotterdam,23,0,81,0,1,6,650000
20/03/2020,Rotterdam,33,0,114,0,5,11,650000
21/03/2020,Rotterdam,7,1,121,1,7,18,650000
22/03/2020,Rotterdam,19,0,140,1,3,21,650000
23/03/2020,Rotterdam,10,0,150,1,11,32,650000
24/03/2020,Rotterdam,15,0,165,1,5,37,650000
25/03/2020,Rotterdam,23,1,188,2,11,48,650000
26/03/2020,Rotterdam,18,1,206,3,8,56,650000
27/03/2020,Rotterdam,45,1,251,4,9,65,650000
28/03/2020,Rotterdam,59,1,310,5,16,81,650000
29/03/2020,Rotterdam,34,1,344,6,15,96,650000
30/03/2020,Rotterdam,34,0,378,6,11,107,650000
31/03/2020,Rotterdam,27,0,405,6,14,121,650000
01/04/2020,Rotterdam,53,1,458,7,12,133,650000
02/04/2020,Rotterdam,48,1,506,8,19,152,650000
03/04/2020,Rotterdam,48,5,554,13,8,160,650000
04/04/2020,Rotterdam,30,2,584,15,13,173,650000
05/04/2020,Rotterdam,90,0,674,15,9,182,650000
06/04/2020,Rotterdam,83,4,757,19,17,199,650000
07/04/2020,Rotterdam,35,5,792,24,12,211,650000
08/04/2020,Rotterdam,71,4,863,28,19,230,650000
09/04/2020,Rotterdam,84,3,947,31,9,239,650000
10/04/2020,Rotterdam,38,5,985,36,16,255,650000
11/04/2020,Rotterdam,135,13,1120,49,6,261,650000
12/04/2020,Rotterdam,60,6,1180,55,14,275,650000
13/04/2020,Rotterdam,50,6,1230,61,7,282,650000
14/04/2020,Rotterdam,51,2,1281,63,16,298,650000
15/04/2020,Rotterdam,42,11,1323,74,13,311,650000
16/04/2020,Rotterdam,51,19,1374,93,8,319,650000
17/04/2020,Rotterdam,46,10,1420,103,9,328,650000
18/04/2020,Rotterdam,82,14,1502,117,6,334,650000
19/04/2020,Rotterdam,55,2,1557,119,13,347,650000
20/04/2020,Rotterdam,29,2,1586,121,6,353,650000
21/04/2020,Rotterdam,34,10,1620,131,8,361,650000
22/04/2020,Rotterdam,31,12,1651,143,7,368,650000
23/04/2020,Rotterdam,50,14,1701,157,7,375,650000
24/04/2020,Rotterdam,45,11,1746,168,5,380,650000
25/04/2020,Rotterdam,42,5,1788,173,5,385,650000
26/04/2020,Rotterdam,35,3,1823,176,7,392,650000
27/04/2020,Rotterdam,34,7,1857,183,9,401,650000
28/04/2020,Rotterdam,3,2,1860,185,3,404,650000
29/04/2020,Rotterdam,30,19,1890,204,4,408,650000
30/04/2020,Rotterdam,36,10,1926,214,10,418,650000
01/05/2020,Rotterdam,41,6,1967,220,9,427,650000
02/05/2020,Rotterdam,32,8,1999,228,8,435,650000
03/05/2020,Rotterdam,26,4,2025,232,2,437,650000
04/05/2020,Rotterdam,0,3,2025,235,2,439,650000
05/05/2020,Rotterdam,31,6,2056,241,6,445,650000
06/05/2020,Rotterdam,5,1,2061,242,1,446,650000
07/05/2020,Rotterdam,34,12,2095,254,5,451,650000
08/05/2020,Rotterdam,9,20,2104,274,7,458,650000
09/05/2020,Rotterdam,18,4,2122,278,8,466,650000
10/05/2020,Rotterdam,13,1,2135,279,2,468,650000
11/05/2020,Rotterdam,4,0,2139,279,0,468,650000
12/05/2020,Rotterdam,22,11,2161,290,2,470,650000
13/05/2020,Rotterdam,17,3,2178,293,7,477,650000
14/05/2020,Rotterdam,16,2,2194,295,3,480,650000
15/05/2020,Rotterdam,11,4,2205,299,1,481,650000
16/05/2020,Rotterdam,24,8,2229,307,3,484,650000
17/05/2020,Rotterdam,7,0,2236,307,3,487,650000
18/05/2020,Rotterdam,22,0,2258,307,4,491,650000
19/05/2020,Rotterdam,6,2,2264,309,4,495,650000
20/05/2020,Rotterdam,9,6,2273,315,1,496,650000
21/05/2020,Rotterdam,26,8,2299,323,2,498,650000
22/05/2020,Rotterdam,13,0,2312,323,0,498,650000
23/05/2020,Rotterdam,5,4,2317,327,2,500,650000
24/05/2020,Rotterdam,10,0,2327,327,1,501,650000
25/05/2020,Rotterdam,14,0,2341,327,0,501,650000
26/05/2020,Rotterdam,5,0,2346,327,1,502,650000
27/05/2020,Rotterdam,11,4,2357,331,2,504,650000
28/05/2020,Rotterdam,6,1,2363,332,2,506,650000
29/05/2020,Rotterdam,3,2,2366,334,0,506,650000
30/05/2020,Rotterdam,6,1,2372,335,0,506,650000
31/05/2020,Rotterdam,1,0,2373,335,0,506,650000
01/06/2020,Rotterdam,3,0,2376,335,0,506,650000
02/06/2020,Rotterdam,2,0,2378,335,1,507,650000
03/06/2020,Rotterdam,6,1,2384,336,0,507,650000
04/06/2020,Rotterdam,11,0,2395,336,1,508,650000
05/06/2020,Rotterdam,21,0,2416,336,1,509,650000
06/06/2020,Rotterdam,18,2,2434,338,0,509,650000
07/06/2020,Rotterdam,20,0,2454,338,1,510,650000
08/06/2020,Rotterdam,11,0,2465,338,0,510,650000
09/06/2020,Rotterdam,14,0,2479,338,1,511,650000
10/06/2020,Rotterdam,14,2,2493,340,0,511,650000
11/06/2020,Rotterdam,12,0,2505,340,1,512,650000
12/06/2020,Rotterdam,27,0,2532,340,0,512,650000
13/06/2020,Rotterdam,18,1,2550,341,1,513,650000
14/06/2020,Rotterdam,9,0,2559,341,2,515,650000
15/06/2020,Rotterdam,9,0,2568,341,1,516,650000
16/06/2020,Rotterdam,17,2,2585,343,0,516,650000
17/06/2020,Rotterdam,9,0,2594,343,0,516,650000
18/06/2020,Rotterdam,8,1,2602,344,-1,515,650000
19/06/2020,Rotterdam,8,0,2610,344,1,516,650000
20/06/2020,Rotterdam,12,1,2622,345,-1,515,650000
21/06/2020,Rotterdam,6,0,2628,345,1,516,650000
22/06/2020,Rotterdam,1,0,2629,345,0,516,650000
23/06/2020,Rotterdam,3,0,2632,345,0,516,650000
24/06/2020,Rotterdam,7,1,2639,346,0,516,650000
25/06/2020,Rotterdam,7,0,2646,346,1,517,650000
26/06/2020,Rotterdam,8,0,2654,346,4,521,650000
27/06/2020,Rotterdam,6,0,2660,346,0,521,650000
28/06/2020,Rotterdam,13,0,2673,346,0,521,650000
29/06/2020,Rotterdam,8,0,2681,346,1,522,650000
30/06/2020,Rotterdam,5,0,2686,346,0,522,650000
01/07/2020,Rotterdam,8,0,2694,346,0,522,650000
02/07/2020,Rotterdam,8,0,2702,346,0,522,650000
03/07/2020,Rotterdam,4,0,2706,346,0,522,650000
04/07/2020,Rotterdam,7,0,2713,346,1,523,650000
05/07/2020,Rotterdam,7,0,2720,346,0,523,650000
06/07/2020,Rotterdam,12,0,2732,346,0,523,650000
07/07/2020,Rotterdam,0,0,2732,346,1,524,650000
08/07/2020,Rotterdam,4,0,2736,346,1,525,650000
09/07/2020,Rotterdam,10,0,2746,346,0,525,650000
10/07/2020,Rotterdam,7,0,2753,346,0,525,650000
11/07/2020,Rotterdam,14,0,2767,346,0,525,650000
12/07/2020,Rotterdam,30,0,2797,346,0,525,650000
13/07/2020,Rotterdam,7,0,2804,346,1,526,650000
14/07/2020,Rotterdam,31,0,2835,346,0,526,650000
15/07/2020,Rotterdam,20,0,2855,346,1,527,650000
16/07/2020,Rotterdam,15,0,2870,346,0,527,650000
17/07/2020,Rotterdam,15,1,2885,347,0,527,650000
18/07/2020,Rotterdam,10,0,2895,347,0,527,650000
19/07/2020,Rotterdam,22,0,2917,347,0,527,650000
20/07/2020,Rotterdam,33,0,2950,347,0,527,650000
21/07/2020,Rotterdam,23,0,2973,347,0,527,650000
22/07/2020,Rotterdam,28,0,3001,347,0,527,650000
23/07/2020,Rotterdam,35,0,3036,347,0,527,650000
24/07/2020,Rotterdam,49,0,3085,347,0,527,650000
25/07/2020,Rotterdam,23,0,3108,347,0,527,650000
26/07/2020,Rotterdam,49,0,3157,347,0,527,650000
27/07/2020,Rotterdam,39,0,3196,347,2,529,650000
28/07/2020,Rotterdam,48,0,3244,347,0,529,650000
29/07/2020,Rotterdam,43,1,3287,348,0,529,650000
30/07/2020,Rotterdam,76,0,3363,348,1,530,650000
31/07/2020,Rotterdam,64,0,3427,348,1,531,650000
01/08/2020,Rotterdam,95,0,3522,348,1,532,650000
02/08/2020,Rotterdam,77,0,3599,348,1,533,650000
03/08/2020,Rotterdam,93,0,3692,348,1,534,650000
04/08/2020,Rotterdam,93,0,3785,348,0,534,650000
05/08/2020,Rotterdam,89,0,3874,348,1,535,650000
06/08/2020,Rotterdam,89,0,3963,348,0,535,650000
07/08/2020,Rotterdam,83,0,4046,348,1,536,650000
08/08/2020,Rotterdam,53,0,4099,348,0,536,650000
09/08/2020,Rotterdam,107,0,4206,348,0,536,650000
10/08/2020,Rotterdam,105,0,4311,348,0,536,650000
11/08/2020,Rotterdam,115,0,4426,348,2,538,650000
12/08/2020,Rotterdam,127,1,4553,349,2,540,650000
13/08/2020,Rotterdam,77,0,4630,349,2,542,650000
14/08/2020,Rotterdam,74,1,4704,350,3,545,650000
15/08/2020,Rotterdam,110,0,4814,350,1,546,650000
16/08/2020,Rotterdam,58,0,4872,350,1,547,650000
17/08/2020,Rotterdam,45,0,4917,350,1,548,650000
18/08/2020,Rotterdam,58,0,4975,350,1,549,650000
19/08/2020,Rotterdam,61,0,5036,350,3,552,650000
20/08/2020,Rotterdam,70,4,5106,354,3,555,650000
21/08/2020,Rotterdam,51,0,5157,354,0,555,650000
22/08/2020,Rotterdam,60,1,5217,355,1,556,650000
23/08/2020,Rotterdam,51,0,5268,355,2,558,650000
24/08/2020,Rotterdam,56,0,5324,355,2,560,650000
25/08/2020,Rotterdam,34,0,5358,355,4,564,650000
26/08/2020,Rotterdam,65,1,5423,356,6,570,650000
27/08/2020,Rotterdam,60,0,5483,356,3,573,650000
28/08/2020,Rotterdam,56,-1,5539,355,2,575,650000
29/08/2020,Rotterdam,48,0,5587,355,0,575,650000
30/08/2020,Rotterdam,50,0,5637,355,2,577,650000
31/08/2020,Rotterdam,31,0,5668,355,3,580,650000
01/09/2020,Rotterdam,64,0,5732,355,1,581,650000
02/09/2020,Rotterdam,108,1,5840,356,0,581,650000
03/09/2020,Rotterdam,73,0,5913,356,1,582,650000
04/09/2020,Rotterdam,57,0,5970,356,2,584,650000
05/09/2020,Rotterdam,43,1,6013,357,0,584,650000
06/09/2020,Rotterdam,78,0,6091,357,0,584,650000
07/09/2020,Rotterdam,77,0,6168,357,3,587,650000
08/09/2020,Rotterdam,75,0,6243,357,1,588,650000
09/09/2020,Rotterdam,85,0,6328,357,2,590,650000
10/09/2020,Rotterdam,106,0,6434,357,3,593,650000
11/09/2020,Rotterdam,121,0,6555,357,0,593,650000
12/09/2020,Rotterdam,88,0,6643,357,1,594,650000
13/09/2020,Rotterdam,108,0,6751,357,6,600,650000
14/09/2020,Rotterdam,90,0,6841,357,1,601,650000
15/09/2020,Rotterdam,103,0,6944,357,2,603,650000
16/09/2020,Rotterdam,163,0,7107,357,2,605,650000
17/09/2020,Rotterdam,161,1,7268,358,3,608,650000
18/09/2020,Rotterdam,187,1,7455,359,4,612,650000
19/09/2020,Rotterdam,113,0,7568,359,7,619,650000
20/09/2020,Rotterdam,111,0,7679,359,1,620,650000
21/09/2020,Rotterdam,219,0,7898,359,1,621,650000
22/09/2020,Rotterdam,131,0,8029,359,4,625,650000
23/09/2020,Rotterdam,156,0,8185,359,3,628,650000
24/09/2020,Rotterdam,248,0,8433,359,0,628,650000
25/09/2020,Rotterdam,174,0,8607,359,0,628,650000
26/09/2020,Rotterdam,164,1,8771,360,3,631,650000
27/09/2020,Rotterdam,282,1,9053,361,5,636,650000
28/09/2020,Rotterdam,272,3,9325,364,0,636,650000
29/09/2020,Rotterdam,244,0,9569,364,3,639,650000
30/09/2020,Rotterdam,259,1,9828,365,4,643,650000
01/10/2020,Rotterdam,277,0,10105,365,6,649,650000
02/10/2020,Rotterdam,302,0,10407,365,1,650,650000
03/10/2020,Rotterdam,285,3,10692,368,4,654,650000
04/10/2020,Rotterdam,269,0,10961,368,0,654,650000
05/10/2020,Rotterdam,401,1,11362,369,8,662,650000
06/10/2020,Rotterdam,270,0,11632,369,5,667,650000
07/10/2020,Rotterdam,329,4,11961,373,4,671,650000
08/10/2020,Rotterdam,424,1,12385,374,9,680,650000
09/10/2020,Rotterdam,447,2,12832,376,6,686,650000
10/10/2020,Rotterdam,391,0,13223,376,3,689,650000
11/10/2020,Rotterdam,376,1,13599,377,6,695,650000
12/10/2020,Rotterdam,439,2,14038,379,8,703,650000
13/10/2020,Rotterdam,433,1,14471,380,6,709,650000
14/10/2020,Rotterdam,560,2,15031,382,9,718,650000
15/10/2020,Rotterdam,469,1,15500,383,8,726,650000
16/10/2020,Rotterdam,333,1,15833,384,7,733,650000
17/10/2020,Rotterdam,407,1,16240,385,2,735,650000
18/10/2020,Rotterdam,616,2,16856,387,5,740,650000
19/10/2020,Rotterdam,546,0,17402,387,4,744,650000
20/10/2020,Rotterdam,494,8,17896,395,5,749,650000
21/10/2020,Rotterdam,475,8,18371,403,12,761,650000
22/10/2020,Rotterdam,679,4,19050,407,9,770,650000
23/10/2020,Rotterdam,562,3,19612,410,7,777,650000
24/10/2020,Rotterdam,471,7,20083,417,4,781,650000
25/10/2020,Rotterdam,628,2,20711,419,6,787,650000
26/10/2020,Rotterdam,654,1,21365,420,11,798,650000
27/10/2020,Rotterdam,599,7,21964,427,17,815,650000
28/10/2020,Rotterdam,556,4,22520,431,2,817,650000
29/10/2020,Rotterdam,576,1,23096,432,3,820,650000
30/10/2020,Rotterdam,669,5,23765,437,6,826,650000
31/10/2020,Rotterdam,644,0,24409,437,15,841,650000
01/11/2020,Rotterdam,619,2,25028,439,9,850,650000
02/11/2020,Rotterdam,510,1,25538,440,14,864,650000
03/11/2020,Rotterdam,595,14,26133,454,9,873,650000
04/11/2020,Rotterdam,414,11,26547,465,4,877,650000
05/11/2020,Rotterdam,515,5,27062,470,9,886,650000
06/11/2020,Rotterdam,535,8,27597,478,8,894,650000
07/11/2020,Rotterdam,422,5,28019,483,15,909,650000
08/11/2020,Rotterdam,374,0,28393,483,18,927,650000
09/11/2020,Rotterdam,344,3,28737,486,9,936,650000
10/11/2020,Rotterdam,199,3,28936,489,8,944,650000
11/11/2020,Rotterdam,286,2,29222,491,14,958,650000
12/11/2020,Rotterdam,329,4,29551,495,10,968,650000
13/11/2020,Rotterdam,335,2,29886,497,5,973,650000
14/11/2020,Rotterdam,331,9,30217,506,10,983,650000
15/11/2020,Rotterdam,306,8,30523,514,12,995,650000
16/11/2020,Rotterdam,300,5,30823,519,8,1003,650000
17/11/2020,Rotterdam,206,3,31029,522,11,1014,650000
18/11/2020,Rotterdam,238,5,31267,527,14,1028,650000
19/11/2020,Rotterdam,207,6,31474,533,14,1042,650000
20/11/2020,Rotterdam,297,1,31771,534,13,1055,650000
21/11/2020,Rotterdam,329,1,32100,535,7,1062,650000
22/11/2020,Rotterdam,275,2,32375,537,3,1065,650000
23/11/2020,Rotterdam,200,24,32575,561,5,1070,650000
24/11/2020,Rotterdam,120,9,32695,570,6,1076,650000
25/11/2020,Rotterdam,267,10,32962,580,11,1087,650000
26/11/2020,Rotterdam,199,2,33161,582,4,1091,650000
27/11/2020,Rotterdam,324,13,33485,595,4,1095,650000
28/11/2020,Rotterdam,188,3,33673,598,10,1105,650000
29/11/2020,Rotterdam,312,3,33985,601,5,1110,650000
30/11/2020,Rotterdam,180,5,34165,606,0,1110,650000
01/12/2020,Rotterdam,165,0,34330,606,6,1116,650000
02/12/2020,Rotterdam,283,1,34613,607,5,1121,650000
03/12/2020,Rotterdam,216,7,34829,614,5,1126,650000
04/12/2020,Rotterdam,136,1,34965,615,2,1128,650000
05/12/2020,Rotterdam,155,0,35120,615,2,1130,650000
06/12/2020,Rotterdam,213,0,35333,615,2,1132,650000
07/12/2020,Rotterdam,339,0,35672,615,5,1137,650000
08/12/2020,Rotterdam,158,1,35830,616,4,1141,650000
09/12/2020,Rotterdam,216,7,36046,623,4,1145,650000
10/12/2020,Rotterdam,280,2,36326,625,3,1148,650000
11/12/2020,Rotterdam,293,2,36619,627,4,1152,650000
12/12/2020,Rotterdam,287,4,36906,631,8,1160,650000
13/12/2020,Rotterdam,302,1,37208,632,4,1164,650000
14/12/2020,Rotterdam,251,5,37459,637,3,1167,650000
15/12/2020,Rotterdam,101,0,37560,637,5,1172,650000
16/12/2020,Rotterdam,362,1,37922,638,6,1178,650000
17/12/2020,Rotterdam,473,3,38395,641,5,1183,650000
18/12/2020,Rotterdam,335,10,38730,651,4,1187,650000
19/12/2020,Rotterdam,247,0,38977,651,6,1193,650000
20/12/2020,Rotterdam,366,0,39343,651,2,1195,650000
21/12/2020,Rotterdam,271,0,39614,651,7,1202,650000
22/12/2020,Rotterdam,174,1,39788,652,8,1210,650000
23/12/2020,Rotterdam,230,3,40018,655,7,1217,650000
24/12/2020,Rotterdam,311,0,40329,655,2,1219,650000
25/12/2020,Rotterdam,306,2,40635,657,2,1221,650000
26/12/2020,Rotterdam,305,1,40940,658,6,1227,650000
27/12/2020,Rotterdam,186,0,41126,658,3,1230,650000
28/12/2020,Rotterdam,153,1,41279,659,11,1241,650000
29/12/2020,Rotterdam,185,5,41464,664,3,1244,650000
30/12/2020,Rotterdam,234,8,41698,672,3,1247,650000
31/12/2020,Rotterdam,262,0,41960,672,2,1249,650000
01/01/2021,Rotterdam,191,1,42151,673,2,1251,650000
02/01/2021,Rotterdam,204,0,42355,673,0,1251,650000
03/01/2021,Rotterdam,126,0,42481,673,9,1260,650000
04/01/2021,Rotterdam,179,8,42660,681,6,1266,650000
05/01/2021,Rotterdam,128,4,42788,685,6,1272,650000
06/01/2021,Rotterdam,165,4,42953,689,9,1281,650000
07/01/2021,Rotterdam,302,1,43255,690,6,1287,650000
08/01/2021,Rotterdam,192,1,43447,691,3,1290,650000
09/01/2021,Rotterdam,201,2,43648,693,2,1292,650000
10/01/2021,Rotterdam,150,3,43798,696,2,1294,650000
11/01/2021,Rotterdam,148,1,43946,697,5,1299,650000
12/01/2021,Rotterdam,79,3,44025,700,2,1301,650000
13/01/2021,Rotterdam,194,13,44219,713,3,1304,650000
14/01/2021,Rotterdam,197,0,44416,713,5,1309,650000
15/01/2021,Rotterdam,174,1,44590,714,5,1314,650000
16/01/2021,Rotterdam,100,1,44690,715,1,1315,650000
17/01/2021,Rotterdam,176,2,44866,717,5,1320,650000
18/01/2021,Rotterdam,142,2,45008,719,6,1326,650000
19/01/2021,Rotterdam,52,3,45060,722,11,1337,650000
20/01/2021,Rotterdam,197,5,45257,727,5,1342,650000
21/01/2021,Rotterdam,227,2,45484,729,4,1346,650000
22/01/2021,Rotterdam,210,5,45694,734,6,1352,650000
23/01/2021,Rotterdam,146,2,45840,736,2,1354,650000
24/01/2021,Rotterdam,130,1,45970,737,6,1360,650000
25/01/2021,Rotterdam,157,1,46127,738,4,1364,650000
26/01/2021,Rotterdam,83,1,46210,739,5,1369,650000
27/01/2021,Rotterdam,178,4,46388,743,4,1373,650000
28/01/2021,Rotterdam,145,1,46533,744,3,1376,650000
29/01/2021,Rotterdam,129,2,46662,746,2,1378,650000
30/01/2021,Rotterdam,105,4,46767,750,2,1380,650000
31/01/2021,Rotterdam,118,2,46885,752,2,1382,650000
01/02/2021,Rotterdam,105,1,46990,753,5,1387,650000
02/02/2021,Rotterdam,147,1,47137,754,4,1391,650000
03/02/2021,Rotterdam,132,1,47269,755,4,1395,650000
04/02/2021,Rotterdam,132,3,47401,758,3,1398,650000
05/02/2021,Rotterdam,187,1,47588,759,3,1401,650000
06/02/2021,Rotterdam,122,0,47710,759,4,1405,650000
07/02/2021,Rotterdam,116,4,47826,763,4,1409,650000
08/02/2021,Rotterdam,90,4,47916,767,0,1409,650000
09/02/2021,Rotterdam,52,3,47968,770,4,1413,650000
10/02/2021,Rotterdam,73,0,48041,770,7,1420,650000
11/02/2021,Rotterdam,158,1,48199,771,4,1424,650000
12/02/2021,Rotterdam,108,2,48307,773,7,1431,650000
13/02/2021,Rotterdam,165,0,48472,773,5,1436,650000
14/02/2021,Rotterdam,91,1,48563,774,1,1437,650000
15/02/2021,Rotterdam,87,0,48650,774,2,1439,650000
16/02/2021,Rotterdam,104,1,48754,775,3,1442,650000
17/02/2021,Rotterdam,107,5,48861,780,6,1448,650000
18/02/2021,Rotterdam,110,6,48971,786,5,1453,650000
19/02/2021,Rotterdam,213,0,49184,786,6,1459,650000
20/02/2021,Rotterdam,99,0,49283,786,14,1473,650000
21/02/2021,Rotterdam,122,1,49405,787,6,1479,650000
22/02/2021,Rotterdam,149,0,49554,787,8,1487,650000
23/02/2021,Rotterdam,138,3,49692,790,5,1492,650000
24/02/2021,Rotterdam,93,1,49785,791,2,1494,650000
25/02/2021,Rotterdam,219,1,50004,792,6,1500,650000
26/02/2021,Rotterdam,143,3,50147,795,0,1500,650000
27/02/2021,Rotterdam,166,5,50313,800,8,1508,650000
28/02/2021,Rotterdam,178,3,50491,803,4,1512,650000
01/03/2021,Rotterdam,165,1,50656,804,13,1525,650000
02/03/2021,Rotterdam,171,1,50827,805,3,1528,650000
03/03/2021,Rotterdam,194,4,51021,809,3,1531,650000
04/03/2021,Rotterdam,217,2,51238,811,4,1535,650000
05/03/2021,Rotterdam,151,1,51389,812,3,1538,650000
06/03/2021,Rotterdam,217,1,51606,813,2,1540,650000
07/03/2021,Rotterdam,176,0,51782,813,5,1545,650000
08/03/2021,Rotterdam,168,2,51950,815,3,1548,650000
09/03/2021,Rotterdam,200,5,52150,820,8,1556,650000
10/03/2021,Rotterdam,177,4,52327,824,3,1559,650000
11/03/2021,Rotterdam,206,9,52533,833,4,1563,650000
12/03/2021,Rotterdam,238,2,52771,835,2,1565,650000
13/03/2021,Rotterdam,290,1,53061,836,4,1569,650000
14/03/2021,Rotterdam,255,1,53316,837,3,1572,650000
15/03/2021,Rotterdam,241,2,53557,839,3,1575,650000
16/03/2021,Rotterdam,175,0,53732,839,4,1579,650000
17/03/2021,Rotterdam,219,10,53951,849,6,1585,650000
18/03/2021,Rotterdam,277,2,54228,851,3,1588,650000
19/03/2021,Rotterdam,348,14,54576,865,3,1591,650000
20/03/2021,Rotterdam,262,1,54838,866,3,1594,650000
21/03/2021,Rotterdam,290,0,55128,866,4,1598,650000
22/03/2021,Rotterdam,299,2,55427,868,2,1600,650000
23/03/2021,Rotterdam,202,1,55629,869,2,1602,650000
24/03/2021,Rotterdam,303,3,55932,872,1,1603,650000
25/03/2021,Rotterdam,342,2,56274,874,3,1606,650000
26/03/2021,Rotterdam,315,0,56589,874,1,1607,650000
27/03/2021,Rotterdam,477,1,57066,875,4,1611,650000
28/03/2021,Rotterdam,346,2,57412,877,1,1612,650000
29/03/2021,Rotterdam,295,0,57707,877,6,1618,650000
30/03/2021,Rotterdam,285,3,57992,880,7,1625,650000
31/03/2021,Rotterdam,403,1,58395,881,6,1631,650000
01/04/2021,Rotterdam,350,2,58745,883,3,1634,650000
02/04/2021,Rotterdam,355,3,59100,886,9,1643,650000
03/04/2021,Rotterdam,330,2,59430,888,5,1648,650000
04/04/2021,Rotterdam,283,1,59713,889,9,1657,650000
05/04/2021,Rotterdam,306,1,60019,890,8,1665,650000
06/04/2021,Rotterdam,189,0,60208,890,10,1675,650000
07/04/2021,Rotterdam,331,2,60539,892,7,1682,650000
08/04/2021,Rotterdam,456,2,60995,894,4,1686,650000
09/04/2021,Rotterdam,408,0,61403,894,5,1691,650000
10/04/2021,Rotterdam,375,1,61778,895,4,1695,650000
11/04/2021,Rotterdam,358,1,62136,896,6,1701,650000
12/04/2021,Rotterdam,282,3,62418,899,6,1707,650000
13/04/2021,Rotterdam,354,0,62772,899,5,1712,650000
14/04/2021,Rotterdam,189,3,62961,902,4,1716,650000
15/04/2021,Rotterdam,396,1,63357,903,7,1723,650000
16/04/2021,Rotterdam,530,1,63887,904,3,1726,650000
17/04/2021,Rotterdam,424,1,64311,905,5,1731,650000
18/04/2021,Rotterdam,417,0,64728,905,3,1734,650000
19/04/2021,Rotterdam,311,1,65039,906,5,1739,650000
20/04/2021,Rotterdam,286,3,65325,909,4,1743,650000
21/04/2021,Rotterdam,387,1,65712,910,3,1746,650000
22/04/2021,Rotterdam,448,4,66160,914,7,1753,650000
23/04/2021,Rotterdam,457,1,66617,915,0,1753,650000
24/04/2021,Rotterdam,407,2,67024,917,4,1757,650000
25/04/2021,Rotterdam,431,2,67455,919,6,1763,650000
26/04/2021,Rotterdam,230,0,67685,919,1,1764,650000
27/04/2021,Rotterdam,218,1,67903,920,4,1768,650000
28/04/2021,Rotterdam,494,0,68397,920,4,1772,650000
29/04/2021,Rotterdam,386,1,68783,921,4,1776,650000
30/04/2021,Rotterdam,331,3,69114,924,8,1784,650000
01/05/2021,Rotterdam,327,1,69441,925,5,1789,650000
02/05/2021,Rotterdam,265,0,69706,925,0,1789,650000
03/05/2021,Rotterdam,423,1,70129,926,9,1798,650000
04/05/2021,Rotterdam,503,1,70632,927,10,1808,650000
05/05/2021,Rotterdam,345,1,70977,928,4,1812,650000
06/05/2021,Rotterdam,375,3,71352,931,5,1817,650000
07/05/2021,Rotterdam,338,1,71690,932,6,1823,650000
08/05/2021,Rotterdam,310,1,72000,933,8,1831,650000
09/05/2021,Rotterdam,433,0,72433,933,7,1838,650000
10/05/2021,Rotterdam,244,1,72677,934,4,1842,650000
11/05/2021,Rotterdam,224,4,72901,938,8,1850,650000
12/05/2021,Rotterdam,365,0,73266,938,8,1858,650000
13/05/2021,Rotterdam,337,0,73603,938,3,1861,650000
14/05/2021,Rotterdam,308,2,73911,940,8,1869,650000
15/05/2021,Rotterdam,213,0,74124,940,2,1871,650000
16/05/2021,Rotterdam,252,0,74376,940,9,1880,650000
17/05/2021,Rotterdam,191,1,74567,941,5,1885,650000
18/05/2021,Rotterdam,229,3,74796,944,6,1891,650000
19/05/2021,Rotterdam,309,1,75105,945,3,1894,650000
20/05/2021,Rotterdam,293,0,75398,945,3,1897,650000
21/05/2021,Rotterdam,279,4,75677,949,2,1899,650000
22/05/2021,Rotterdam,237,0,75914,949,3,1902,650000
23/05/2021,Rotterdam,178,0,76092,949,2,1904,650000
24/05/2021,Rotterdam,157,3,76249,952,4,1908,650000
25/05/2021,Rotterdam,157,2,76406,954,6,1914,650000
26/05/2021,Rotterdam,57,1,76463,955,1,1915,650000
27/05/2021,Rotterdam,261,2,76724,957,3,1918,650000
28/05/2021,Rotterdam,225,2,76949,959,0,1918,650000
29/05/2021,Rotterdam,170,0,77119,959,1,1919,650000
30/05/2021,Rotterdam,158,0,77277,959,3,1922,650000
31/05/2021,Rotterdam,104,0,77381,959,1,1923,650000
01/06/2021,Rotterdam,154,1,77535,960,3,1926,650000
02/06/2021,Rotterdam,164,0,77699,960,2,1928,650000
03/06/2021,Rotterdam,156,0,77855,960,2,1930,650000
04/06/2021,Rotterdam,167,0,78022,960,1,1931,650000
05/06/2021,Rotterdam,141,1,78163,961,3,1934,650000
06/06/2021,Rotterdam,84,0,78247,961,1,1935,650000
07/06/2021,Rotterdam,59,0,78306,961,1,1936,650000
08/06/2021,Rotterdam,60,1,78366,962,1,1937,650000
09/06/2021,Rotterdam,108,1,78474,963,2,1939,650000
10/06/2021,Rotterdam,80,0,78554,963,2,1941,650000
11/06/2021,Rotterdam,83,1,78637,964,2,1943,650000
12/06/2021,Rotterdam,70,0,78707,964,0,1943,650000
13/06/2021,Rotterdam,36,1,78743,965,3,1946,650000
14/06/2021,Rotterdam,39,0,78782,965,2,1948,650000
15/06/2021,Rotterdam,61,0,78843,965,0,1948,650000
16/06/2021,Rotterdam,43,1,78886,966,3,1951,650000
17/06/2021,Rotterdam,46,0,78932,966,2,1953,650000
18/06/2021,Rotterdam,59,1,78991,967,7,1960,650000
19/06/2021,Rotterdam,21,0,79012,967,2,1962,650000
20/06/2021,Rotterdam,30,0,79042,967,1,1963,650000
21/06/2021,Rotterdam,34,0,79076,967,0,1963,650000
22/06/2021,Rotterdam,41,0,79117,967,0,1963,650000
23/06/2021,Rotterdam,35,0,79152,967,0,1963,650000
24/06/2021,Rotterdam,55,0,79207,967,0,1963,650000
25/06/2021,Rotterdam,47,2,79254,969,1,1964,650000
26/06/2021,Rotterdam,33,0,79287,969,1,1965,650000
27/06/2021,Rotterdam,27,0,79314,969,0,1965,650000
28/06/2021,Rotterdam,63,0,79377,969,2,1967,650000
29/06/2021,Rotterdam,28,1,79405,970,0,1967,650000
30/06/2021,Rotterdam,42,0,79447,970,1,1968,650000
01/07/2021,Rotterdam,73,0,79520,970,0,1968,650000
02/07/2021,Rotterdam,48,1,79568,971,0,1968,650000
03/07/2021,Rotterdam,77,0,79645,971,0,1968,650000
04/07/2021,Rotterdam,63,0,79708,971,0,1968,650000
05/07/2021,Rotterdam,69,0,79777,971,0,1968,650000
06/07/2021,Rotterdam,176,1,79953,972,0,1968,650000
07/07/2021,Rotterdam,402,0,80355,972,1,1969,650000
08/07/2021,Rotterdam,419,0,80774,972,0,1969,650000
09/07/2021,Rotterdam,493,0,81267,972,0,1969,650000
10/07/2021,Rotterdam,701,0,81968,972,2,1971,650000
11/07/2021,Rotterdam,556,0,82524,972,0,1971,650000
12/07/2021,Rotterdam,447,0,82971,972,2,1973,650000
13/07/2021,Rotterdam,378,1,83349,973,1,1974,650000
14/07/2021,Rotterdam,744,0,84093,973,-1,1973,650000
15/07/2021,Rotterdam,684,0,84777,973,0,1973,650000
16/07/2021,Rotterdam,743,0,85520,973,0,1973,650000
17/07/2021,Rotterdam,761,0,86281,973,1,1974,650000
18/07/2021,Rotterdam,664,0,86945,973,3,1977,650000
19/07/2021,Rotterdam,482,0,87427,973,1,1978,650000
20/07/2021,Rotterdam,372,0,87799,973,2,1980,650000
21/07/2021,Rotterdam,452,0,88251,973,1,1981,650000
22/07/2021,Rotterdam,315,0,88566,973,3,1984,650000
23/07/2021,Rotterdam,385,0,88951,973,1,1985,650000
24/07/2021,Rotterdam,235,0,89186,973,2,1987,650000
25/07/2021,Rotterdam,276,0,89462,973,1,1988,650000
26/07/2021,Rotterdam,203,0,89665,973,0,1988,650000
27/07/2021,Rotterdam,207,0,89872,973,1,1989,650000
28/07/2021,Rotterdam,157,0,90029,973,3,1992,650000
29/07/2021,Rotterdam,253,0,90282,973,3,1995,650000
30/07/2021,Rotterdam,191,1,90473,974,3,1998,650000
31/07/2021,Rotterdam,217,0,90690,974,1,1999,650000
01/08/2021,Rotterdam,105,0,90795,974,1,2000,650000
02/08/2021,Rotterdam,60,0,90855,974,2,2002,650000
03/08/2021,Rotterdam,95,0,90950,974,0,2002,650000
04/08/2021,Rotterdam,103,1,91053,975,0,2002,650000
05/08/2021,Rotterdam,295,0,91348,975,3,2005,650000
06/08/2021,Rotterdam,129,0,91477,975,1,2006,650000
07/08/2021,Rotterdam,119,0,91596,975,2,2008,650000
08/08/2021,Rotterdam,100,0,91696,975,2,2010,650000
09/08/2021,Rotterdam,74,0,91770,975,4,2014,650000
10/08/2021,Rotterdam,91,0,91861,975,0,2014,650000
11/08/2021,Rotterdam,135,0,91996,975,0,2014,650000
12/08/2021,Rotterdam,117,0,92113,975,3,2017,650000
13/08/2021,Rotterdam,161,1,92274,976,2,2019,650000
14/08/2021,Rotterdam,128,0,92402,976,1,2020,650000
15/08/2021,Rotterdam,100,0,92502,976,3,2023,650000
16/08/2021,Rotterdam,118,0,92620,976,4,2027,650000
17/08/2021,Rotterdam,124,0,92744,976,1,2028,650000
18/08/2021,Rotterdam,138,0,92882,976,2,2030,650000
19/08/2021,Rotterdam,162,0,93044,976,3,2033,650000
20/08/2021,Rotterdam,133,0,93177,976,5,2038,650000
21/08/2021,Rotterdam,135,0,93312,976,5,2043,650000
22/08/2021,Rotterdam,151,1,93463,977,1,2044,650000
23/08/2021,Rotterdam,112,0,93575,977,2,2046,650000
24/08/2021,Rotterdam,106,1,93681,978,2,2048,650000
25/08/2021,Rotterdam,164,0,93845,978,3,2051,650000
26/08/2021,Rotterdam,173,0,94018,978,2,2053,650000
27/08/2021,Rotterdam,160,0,94178,978,2,2055,650000
28/08/2021,Rotterdam,173,0,94351,978,3,2058,650000
29/08/2021,Rotterdam,118,0,94469,978,0,2058,650000
30/08/2021,Rotterdam,138,0,94607,978,4,2062,650000
31/08/2021,Rotterdam,104,0,94711,978,2,2064,650000
01/09/2021,Rotterdam,165,0,94876,978,4,2068,650000
02/09/2021,Rotterdam,192,0,95068,978,3,2071,650000
03/09/2021,Rotterdam,186,0,95254,978,1,2072,650000
04/09/2021,Rotterdam,164,0,95418,978,0,2072,650000
05/09/2021,Rotterdam,166,0,95584,978,0,2072,650000
06/09/2021,Rotterdam,104,0,95688,978,1,2073,650000
07/09/2021,Rotterdam,125,0,95813,978,1,2074,650000
08/09/2021,Rotterdam,147,0,95960,978,1,2075,650000
09/09/2021,Rotterdam,146,0,96106,978,3,2078,650000
10/09/2021,Rotterdam,202,1,96308,979,4,2082,650000
11/09/2021,Rotterdam,182,2,96490,981,2,2084,650000
12/09/2021,Rotterdam,88,0,96578,981,0,2084,650000
13/09/2021,Rotterdam,102,1,96680,982,4,2088,650000
14/09/2021,Rotterdam,130,0,96810,982,2,2090,650000
15/09/2021,Rotterdam,170,1,96980,983,1,2091,650000
16/09/2021,Rotterdam,109,0,97089,983,1,2092,650000
17/09/2021,Rotterdam,180,0,97269,983,4,2096,650000
18/09/2021,Rotterdam,171,0,97440,983,1,2097,650000
19/09/2021,Rotterdam,132,0,97572,983,0,2097,650000
20/09/2021,Rotterdam,40,2,97612,985,2,2099,650000
21/09/2021,Rotterdam,103,0,97715,985,0,2099,650000
22/09/2021,Rotterdam,123,0,97838,985,1,2100,650000
23/09/2021,Rotterdam,89,0,97927,985,3,2103,650000
24/09/2021,Rotterdam,95,0,98022,985,1,2104,650000
25/09/2021,Rotterdam,119,0,98141,985,1,2105,650000
26/09/2021,Rotterdam,96,0,98237,985,1,2106,650000
27/09/2021,Rotterdam,59,1,98296,986,2,2108,650000
28/09/2021,Rotterdam,97,0,98393,986,4,2112,650000
29/09/2021,Rotterdam,119,1,98512,987,0,2112,650000
30/09/2021,Rotterdam,78,0,98590,987,3,2115,650000
01/10/2021,Rotterdam,123,0,98713,987,1,2116,650000
02/10/2021,Rotterdam,77,0,98790,987,1,2117,650000
03/10/2021,Rotterdam,71,0,98861,987,0,2117,650000
04/10/2021,Rotterdam,53,0,98914,987,2,2119,650000
05/10/2021,Rotterdam,85,0,98999,987,2,2121,650000
06/10/2021,Rotterdam,102,0,99101,987,1,2122,650000
07/10/2021,Rotterdam,133,0,99234,987,1,2123,650000
08/10/2021,Rotterdam,179,0,99413,987,2,2125,650000
09/10/2021,Rotterdam,96,0,99509,987,1,2126,650000
10/10/2021,Rotterdam,60,0,99569,987,0,2126,650000
11/10/2021,Rotterdam,108,0,99677,987,1,2127,650000
12/10/2021,Rotterdam,92,1,99769,988,2,2129,650000
13/10/2021,Rotterdam,205,0,99974,988,1,2130,650000
14/10/2021,Rotterdam,170,0,100144,988,1,2131,650000
15/10/2021,Rotterdam,149,0,100293,988,2,2133,650000
16/10/2021,Rotterdam,121,1,100414,989,2,2135,650000
17/10/2021,Rotterdam,143,1,100557,990,1,2136,650000
18/10/2021,Rotterdam,71,0,100628,990,2,2138,650000
19/10/2021,Rotterdam,116,2,100744,992,2,2140,650000
20/10/2021,Rotterdam,127,0,100871,992,1,2141,650000
21/10/2021,Rotterdam,169,0,101040,992,3,2144,650000
22/10/2021,Rotterdam,185,1,101225,993,1,2145,650000
23/10/2021,Rotterdam,153,0,101378,993,2,2147,650000
24/10/2021,Rotterdam,132,0,101510,993,2,2149,650000
25/10/2021,Rotterdam,205,0,101715,993,1,2150,650000
26/10/2021,Rotterdam,100,0,101815,993,1,2151,650000
27/10/2021,Rotterdam,332,0,102147,993,2,2153,650000
28/10/2021,Rotterdam,226,0,102373,993,1,2154,650000
29/10/2021,Rotterdam,229,1,102602,994,1,2155,650000
30/10/2021,Rotterdam,208,1,102810,995,2,2157,650000
31/10/2021,Rotterdam,271,1,103081,996,3,2160,650000
01/11/2021,Rotterdam,158,0,103239,996,2,2162,650000
02/11/2021,Rotterdam,190,0,103429,996,1,2163,650000
03/11/2021,Rotterdam,271,0,103700,996,2,2165,650000
04/11/2021,Rotterdam,252,0,103952,996,1,2166,650000
05/11/2021,Rotterdam,351,0,104303,996,3,2169,650000
06/11/2021,Rotterdam,329,0,104632,996,3,2172,650000
07/11/2021,Rotterdam,289,0,104921,996,0,2172,650000
08/11/2021,Rotterdam,406,1,105327,997,0,2172,650000
09/11/2021,Rotterdam,318,1,105645,998,3,2175,650000
10/11/2021,Rotterdam,547,0,106192,998,2,2177,650000
11/11/2021,Rotterdam,589,2,106781,1000,3,2180,650000
12/11/2021,Rotterdam,483,3,107264,1003,6,2186,650000
13/11/2021,Rotterdam,371,0,107635,1003,1,2187,650000
14/11/2021,Rotterdam,245,0,107880,1003,1,2188,650000
15/11/2021,Rotterdam,468,0,108348,1003,2,2190,650000
16/11/2021,Rotterdam,598,1,108946,1004,0,2190,650000
17/11/2021,Rotterdam,969,0,109915,1004,1,2191,650000
18/11/2021,Rotterdam,551,2,110466,1006,2,2193,650000
19/11/2021,Rotterdam,473,-1,110939,1005,1,2194,650000
20/11/2021,Rotterdam,699,0,111638,1005,1,2195,650000
21/11/2021,Rotterdam,597,0,112235,1005,4,2199,650000
22/11/2021,Rotterdam,666,0,112901,1005,2,2201,650000
23/11/2021,Rotterdam,559,0,113460,1005,2,2203,650000
24/11/2021,Rotterdam,564,2,114024,1007,6,2209,650000
25/11/2021,Rotterdam,749,1,114773,1008,4,2213,650000
26/11/2021,Rotterdam,655,1,115428,1009,5,2218,650000
27/11/2021,Rotterdam,744,1,116172,1010,4,2222,650000
28/11/2021,Rotterdam,642,4,116814,1014,2,2224,650000
29/11/2021,Rotterdam,616,0,117430,1014,2,2226,650000
30/11/2021,Rotterdam,551,0,117981,1014,1,2227,650000
01/12/2021,Rotterdam,607,0,118588,1014,1,2228,650000
02/12/2021,Rotterdam,933,0,119521,1014,1,2229,650000
03/12/2021,Rotterdam,728,0,120249,1014,1,2230,650000
04/12/2021,Rotterdam,695,0,120944,1014,3,2233,650000
05/12/2021,Rotterdam,837,1,121781,1015,4,2237,650000
06/12/2021,Rotterdam,562,1,122343,1016,4,2241,650000
07/12/2021,Rotterdam,632,2,122975,1018,7,2248,650000
08/12/2021,Rotterdam,516,2,123491,1020,3,2251,650000
09/12/2021,Rotterdam,816,2,124307,1022,6,2257,650000
10/12/2021,Rotterdam,634,4,124941,1026,6,2263,650000
11/12/2021,Rotterdam,664,4,125605,1030,3,2266,650000
12/12/2021,Rotterdam,647,2,126252,1032,10,2276,650000
13/12/2021,Rotterdam,525,1,126777,1033,9,2285,650000
14/12/2021,Rotterdam,452,1,127229,1034,5,2290,650000
15/12/2021,Rotterdam,446,1,127675,1035,7,2297,650000
16/12/2021,Rotterdam,665,2,128340,1037,3,2300,650000
17/12/2021,Rotterdam,531,4,128871,1041,6,2306,650000
18/12/2021,Rotterdam,565,0,129436,1041,2,2308,650000
19/12/2021,Rotterdam,364,1,129800,1042,5,2313,650000
20/12/2021,Rotterdam,459,4,130259,1046,1,2314,650000
21/12/2021,Rotterdam,304,-1,130563,1045,0,2314,650000
22/12/2021,Rotterdam,532,0,131095,1045,2,2316,650000
23/12/2021,Rotterdam,600,7,131695,1052,0,2316,650000
24/12/2021,Rotterdam,589,6,132284,1058,0,2316,650000
25/12/2021,Rotterdam,414,2,132698,1060,1,2317,650000
26/12/2021,Rotterdam,648,0,133346,1060,0,2317,650000
27/12/2021,Rotterdam,496,0,133842,1060,4,2321,650000
28/12/2021,Rotterdam,358,1,134200,1061,3,2324,650000
29/12/2021,Rotterdam,597,3,134797,1064,0,2324,650000
30/12/2021,Rotterdam,795,0,135592,1064,4,2328,650000
31/12/2021,Rotterdam,772,0,136364,1064,2,2330,650000
01/01/2022,Rotterdam,669,2,137033,1066,1,2331,650000
02/01/2022,Rotterdam,997,0,138030,1066,1,2332,650000
03/01/2022,Rotterdam,654,0,138684,1066,0,2332,650000
04/01/2022,Rotterdam,765,0,139449,1066,1,2333,650000
05/01/2022,Rotterdam,1264,5,140713,1071,0,2333,650000
06/01/2022,Rotterdam,1180,0,141893,1071,0,2333,650000
07/01/2022,Rotterdam,2420,0,144313,1071,0,2333,650000
08/01/2022,Rotterdam,1579,0,145892,1071,1,2334,650000
09/01/2022,Rotterdam,1813,0,147705,1071,0,2334,650000
10/01/2022,Rotterdam,1310,1,149015,1072,1,2335,650000
11/01/2022,Rotterdam,1471,0,150486,1072,3,2338,650000
12/01/2022,Rotterdam,1545,2,152031,1074,1,2339,650000
13/01/2022,Rotterdam,2189,0,154220,1074,3,2342,650000
14/01/2022,Rotterdam,1997,0,156217,1074,1,2343,650000
15/01/2022,Rotterdam,1402,0,157619,1074,0,2343,650000
16/01/2022,Rotterdam,1824,1,159443,1075,1,2344,650000
17/01/2022,Rotterdam,1891,0,161334,1075,3,2347,650000
18/01/2022,Rotterdam,1722,0,163056,1075,7652,9999,650000
19/01/2022,Rotterdam,1596,0,164652,1075,0,9999,650000
20/01/2022,Rotterdam,1078,0,165730,1075,0,9999,650000
21/01/2022,Rotterdam,1909,0,167639,1075,0,9999,650000
22/01/2022,Rotterdam,5542,1,173181,1076,0,9999,650000
23/01/2022,Rotterdam,2450,0,175631,1076,0,9999,650000
24/01/2022,Rotterdam,2985,0,178616,1076,0,9999,650000
25/01/2022,Rotterdam,2336,0,180952,1076,0,9999,650000
26/01/2022,Rotterdam,2652,2,183604,1078,0,9999,650000
27/01/2022,Rotterdam,1888,1,185492,1079,0,9999,650000
28/01/2022,Rotterdam,3741,0,189233,1079,0,9999,650000
29/01/2022,Rotterdam,829,0,190062,1079,0,9999,650000
30/01/2022,Rotterdam,1613,0,191675,1079,0,9999,650000
31/01/2022,Rotterdam,6595,0,198270,1079,0,9999,650000
01/02/2022,Rotterdam,2530,0,200800,1079,0,9999,650000
02/02/2022,Rotterdam,4139,0,204939,1079,0,9999,650000
03/02/2022,Rotterdam,3531,-2,208470,1077,0,9999,650000
04/02/2022,Rotterdam,1343,0,209813,1077,0,9999,650000
05/02/2022,Rotterdam,1931,0,211744,1077,0,9999,650000
06/02/2022,Rotterdam,5576,0,217320,1077,0,9999,650000
07/02/2022,Rotterdam,1051,0,218371,1077,0,9999,650000
08/02/2022,Rotterdam,9513,0,227884,1077,0,9999,650000
09/02/2022,Rotterdam,2832,0,230716,1077,0,9999,650000
10/02/2022,Rotterdam,2323,0,233039,1077,0,9999,650000
11/02/2022,Rotterdam,2192,0,235231,1077,0,9999,650000
12/02/2022,Rotterdam,1759,1,236990,1078,0,9999,650000
13/02/2022,Rotterdam,1538,0,238528,1078,0,9999,650000
14/02/2022,Rotterdam,1130,0,239658,1078,0,9999,650000
15/02/2022,Rotterdam,1603,0,241261,1078,0,9999,650000
16/02/2022,Rotterdam,1658,1,242919,1079,0,9999,650000
17/02/2022,Rotterdam,1579,-1,244498,1078,0,9999,650000
18/02/2022,Rotterdam,1249,0,245747,1078,0,9999,650000
19/02/2022,Rotterdam,684,0,246431,1078,0,9999,650000
20/02/2022,Rotterdam,883,1,247314,1079,0,9999,650000
21/02/2022,Rotterdam,750,0,248064,1079,0,9999,650000
22/02/2022,Rotterdam,787,0,248851,1079,0,9999,650000
23/02/2022,Rotterdam,1093,1,249944,1080,0,9999,650000
24/02/2022,Rotterdam,1054,2,250998,1082,0,9999,650000
25/02/2022,Rotterdam,711,0,251709,1082,0,9999,650000
26/02/2022,Rotterdam,880,0,252589,1082,0,9999,650000
27/02/2022,Rotterdam,554,0,253143,1082,0,9999,650000
28/02/2022,Rotterdam,604,0,253747,1082,0,9999,650000
01/03/2022,Rotterdam,859,1,254606,1083,0,9999,650000
02/03/2022,Rotterdam,976,1,255582,1084,0,9999,650000
03/03/2022,Rotterdam,1563,0,257145,1084,0,9999,650000
04/03/2022,Rotterdam,1200,2,258345,1086,0,9999,650000
05/03/2022,Rotterdam,1228,0,259573,1086,0,9999,650000
06/03/2022,Rotterdam,1032,0,260605,1086,0,9999,650000
07/03/2022,Rotterdam,1171,0,261776,1086,0,9999,650000
08/03/2022,Rotterdam,1605,0,263381,1086,0,9999,650000
09/03/2022,Rotterdam,1608,2,264989,1088,0,9999,650000
10/03/2022,Rotterdam,1650,20,266639,1108,0,9999,650000
11/03/2022,Rotterdam,1566,0,268205,1108,0,9999,650000
12/03/2022,Rotterdam,1269,0,269474,1108,0,9999,650000
13/03/2022,Rotterdam,1207,0,270681,1108,0,9999,650000
14/03/2022,Rotterdam,1127,0,271808,1108,0,9999,650000
15/03/2022,Rotterdam,1394,0,273202,1108,0,9999,650000
16/03/2022,Rotterdam,1589,0,274791,1108,0,9999,650000
17/03/2022,Rotterdam,1394,1,276185,1109,0,9999,650000
18/03/2022,Rotterdam,1694,0,277879,1109,0,9999,650000
19/03/2022,Rotterdam,1018,0,278897,1109,0,9999,650000
20/03/2022,Rotterdam,1122,0,280019,1109,0,9999,650000
21/03/2022,Rotterdam,872,1,280891,1110,0,9999,650000
22/03/2022,Rotterdam,1114,1,282005,1111,0,9999,650000
23/03/2022,Rotterdam,1232,0,283237,1111,0,9999,650000
24/03/2022,Rotterdam,1152,0,284389,1111,0,9999,650000
25/03/2022,Rotterdam,1073,1,285462,1112,0,9999,650000
26/03/2022,Rotterdam,901,2,286363,1114,0,9999,650000
27/03/2022,Rotterdam,804,0,287167,1114,0,9999,650000
28/03/2022,Rotterdam,661,0,287828,1114,0,9999,650000
29/03/2022,Rotterdam,931,0,288759,1114,0,9999,650000
30/03/2022,Rotterdam,1046,9,289805,1123,0,9999,650000
31/03/2022,Rotterdam,804,4,290609,1127,0,9999,650000
01/04/2022,Rotterdam,721,-1,291330,1126,0,9999,650000
02/04/2022,Rotterdam,526,2,291856,1128,0,9999,650000
03/04/2022,Rotterdam,475,-1,292331,1127,0,9999,650000
04/04/2022,Rotterdam,379,5,292710,1132,0,9999,650000
05/04/2022,Rotterdam,460,1,293170,1133,0,9999,650000
06/04/2022,Rotterdam,434,0,293604,1133,0,9999,650000
07/04/2022,Rotterdam,483,2,294087,1135,0,9999,650000
08/04/2022,Rotterdam,314,0,294401,1135,0,9999,650000
09/04/2022,Rotterdam,,,,,,,650000
10/04/2022,Rotterdam,,,,,,,650000
11/04/2022,Rotterdam,238,0,295305,1135,0,9999,650000
12/04/2022,Rotterdam,248,3,295553,1138,0,9999,650000
13/04/2022,Rotterdam,185,7,295738,1145,0,9999,650000
14/04/2022,Rotterdam,228,2,295966,1147,0,9999,650000
15/04/2022,Rotterdam,134,0,296100,1147,0,9999,650000
16/04/2022,Rotterdam,,,,,,,650000
17/04/2022,Rotterdam,,,,,,,650000
18/04/2022,Rotterdam,,,,,,,650000
19/04/2022,Rotterdam,137,0,296576,1148,0,9999,650000
20/04/2022,Rotterdam,133,1,296709,1149,0,9999,650000
21/04/2022,Rotterdam,118,6,296827,1155,0,9999,650000
22/04/2022,Rotterdam,127,0,296954,1155,0,9999,650000
23/04/2022,Rotterdam,,,,,,,650000
24/04/2022,Rotterdam,,,,,,,650000
25/04/2022,Rotterdam,52,0,297166,1158,0,9999,650000
26/04/2022,Rotterdam,72,0,297238,1158,0,9999,650000
27/04/2022,Rotterdam,,,,,,,650000
28/04/2022,Rotterdam,74,0,297377,1158,0,9999,650000
29/04/2022,Rotterdam,63,-1,297440,1157,0,9999,650000
30/04/2022,Rotterdam,,,,,,,650000
01/05/2022,Rotterdam,,,,,,,650000
02/05/2022,Rotterdam,38,0,297584,1157,0,9999,650000
03/05/2022,Rotterdam,58,0,297642,1157,0,9999,650000
04/05/2022,Rotterdam,73,1,297715,1158,0,9999,650000
05/05/2022,Rotterdam,,,,,,,650000
06/05/2022,Rotterdam,42,0,297824,1157,0,9999,650000
07/05/2022,Rotterdam,,,,,,,650000
08/05/2022,Rotterdam,,,,,,,650000
09/05/2022,Rotterdam,39,0,297948,1160,0,9999,650000
10/05/2022,Rotterdam,60,0,298008,1160,0,9999,650000
11/05/2022,Rotterdam,73,1,298081,1161,0,9999,650000
12/05/2022,Rotterdam,65,0,298146,1161,0,9999,650000
13/05/2022,Rotterdam,55,0,298201,1161,0,9999,650000
14/05/2022,Rotterdam,,,,,,,650000
15/05/2022,Rotterdam,,,,,,,650000
16/05/2022,Rotterdam,29,0,298343,1162,0,9999,650000
17/05/2022,Rotterdam,44,0,298387,1162,0,9999,650000
18/05/2022,Rotterdam,62,0,298449,1162,0,9999,650000
19/05/2022,Rotterdam,135,0,298584,1162,0,9999,650000
20/05/2022,Rotterdam,47,0,298631,1162,0,9999,650000
21/05/2022,Rotterdam,,,,,,,650000
22/05/2022,Rotterdam,,,,,,,650000
23/05/2022,Rotterdam,35,0,298778,1162,0,9999,650000
24/05/2022,Rotterdam,53,0,298831,1162,0,9999,650000
25/05/2022,Rotterdam,61,0,298892,1162,0,9999,650000
26/05/2022,Rotterdam,,,,,,,650000
27/05/2022,Rotterdam,36,0,298985,1162,0,9999,650000
28/05/2022,Rotterdam,,,,,,,650000
29/05/2022,Rotterdam,,,,,,,650000
30/05/2022,Rotterdam,47,0,299122,1162,0,9999,650000
31/05/2022,Rotterdam,72,0,299194,1162,0,9999,650000
01/06/2022,Rotterdam,81,1,299275,1163,0,9999,650000
02/06/2022,Rotterdam,88,0,299363,1163,0,9999,650000
03/06/2022,Rotterdam,93,0,299456,1163,0,9999,650000
04/06/2022,Rotterdam,,,,,,,650000
05/06/2022,Rotterdam,,,,,,,650000
06/06/2022,Rotterdam,,,,,,,650000
07/06/2022,Rotterdam,57,0,299684,1163,0,9999,650000
08/06/2022,Rotterdam,59,0,299743,1163,0,9999,650000
09/06/2022,Rotterdam,99,0,299842,1163,0,9999,650000
10/06/2022,Rotterdam,74,0,299916,1163,0,9999,650000
11/06/2022,Rotterdam,,,,,,,650000
12/06/2022,Rotterdam,,,,,,,650000
13/06/2022,Rotterdam,70,0,300183,1164,0,9999,650000
14/06/2022,Rotterdam,105,0,300288,1164,0,9999,650000
15/06/2022,Rotterdam,115,0,300403,1164,0,9999,650000
16/06/2022,Rotterdam,178,0,300581,1164,0,9999,650000
17/06/2022,Rotterdam,134,0,300715,1164,0,9999,650000
18/06/2022,Rotterdam,,,,,,,650000
19/06/2022,Rotterdam,,,,,,,650000
20/06/2022,Rotterdam,100,0,301134,1164,0,9999,650000
21/06/2022,Rotterdam,205,0,301339,1164,0,9999,650000
22/06/2022,Rotterdam,156,0,301495,1164,0,9999,650000
23/06/2022,Rotterdam,241,0,301736,1164,0,9999,650000
24/06/2022,Rotterdam,193,0,301929,1164,0,9999,650000
25/06/2022,Rotterdam,,,,,,,650000
26/06/2022,Rotterdam,,,,,,,650000
27/06/2022,Rotterdam,113,0,302407,1164,0,9999,650000
28/06/2022,Rotterdam,143,0,302550,1164,0,9999,650000
29/06/2022,Rotterdam,247,0,302797,1164,0,9999,650000
30/06/2022,Rotterdam,271,0,303068,1164,0,9999,650000
01/07/2022,Rotterdam,207,0,303275,1164,0,9999,650000
02/07/2022,Rotterdam,,,,,,,650000
03/07/2022,Rotterdam,,,,,,,650000
04/07/2022,Rotterdam,139,0,303802,1164,0,9999,650000
05/07/2022,Rotterdam,120,0,303922,1164,0,9999,650000
06/07/2022,Rotterdam,365,1,304287,1165,0,9999,650000
07/07/2022,Rotterdam,228,0,304515,1165,0,9999,650000
08/07/2022,Rotterdam,391,0,304906,1165,0,9999,650000
09/07/2022,Rotterdam,,,,,,,650000
10/07/2022,Rotterdam,,,,,,,650000
11/07/2022,Rotterdam,149,0,305622,1165,0,9999,650000
12/07/2022,Rotterdam,319,0,305941,1165,0,9999,650000
13/07/2022,Rotterdam,271,0,306212,1165,0,9999,650000
14/07/2022,Rotterdam,317,0,306529,1165,0,9999,650000
15/07/2022,Rotterdam,252,0,306781,1165,0,9999,650000
16/07/2022,Rotterdam,,,,,,,650000
17/07/2022,Rotterdam,,,,,,,650000
18/07/2022,Rotterdam,106,0,307297,1165,0,9999,650000
19/07/2022,Rotterdam,169,0,307466,1165,0,9999,650000
20/07/2022,Rotterdam,172,0,307638,1165,0,9999,650000
21/07/2022,Rotterdam,214,1,307852,1166,0,9999,650000
22/07/2022,Rotterdam,142,0,307994,1166,0,9999,650000
23/07/2022,Rotterdam,,,,,,,650000
24/07/2022,Rotterdam,,,,,,,650000
25/07/2022,Rotterdam,77,0,308363,1168,0,9999,650000
26/07/2022,Rotterdam,134,0,308497,1168,0,9999,650000
27/07/2022,Rotterdam,85,0,308582,1168,0,9999,650000
28/07/2022,Rotterdam,177,0,308759,1168,0,9999,650000
29/07/2022,Rotterdam,88,0,308847,1168,0,9999,650000
30/07/2022,Rotterdam,,,,,,,650000
31/07/2022,Rotterdam,,,,,,,650000
01/08/2022,Rotterdam,99,0,309119,1167,0,9999,650000
02/08/2022,Rotterdam,94,0,309213,1167,0,9999,650000
03/08/2022,Rotterdam,110,1,309323,1168,0,9999,650000
04/08/2022,Rotterdam,77,1,309400,1169,0,9999,650000
05/08/2022,Rotterdam,81,0,309481,1169,0,9999,650000
06/08/2022,Rotterdam,,,,,,,650000
07/08/2022,Rotterdam,,,,,,,650000
08/08/2022,Rotterdam,41,0,309661,1169,0,9999,650000
09/08/2022,Rotterdam,73,0,309734,1169,0,9999,650000
10/08/2022,Rotterdam,78,1,309812,1170,0,9999,650000
11/08/2022,Rotterdam,81,0,309893,1170,0,9999,650000
12/08/2022,Rotterdam,81,0,309974,1170,0,9999,650000
13/08/2022,Rotterdam,,,,,,,650000
14/08/2022,Rotterdam,,,,,,,650000
15/08/2022,Rotterdam,29,0,310127,1170,0,9999,650000
16/08/2022,Rotterdam,78,0,310205,1170,0,9999,650000
17/08/2022,Rotterdam,74,1,310279,1171,0,9999,650000
18/08/2022,Rotterdam,0,0,310279,1171,0,9999,650000
19/08/2022,Rotterdam,99,2,310378,1173,0,9999,650000
20/08/2022,Rotterdam,,,,,,,650000
21/08/2022,Rotterdam,,,,,,,650000
22/08/2022,Rotterdam,24,0,310498,1173,0,9999,650000
23/08/2022,Rotterdam,27,0,310525,1173,0,9999,650000
24/08/2022,Rotterdam,55,0,310580,1173,0,9999,650000
25/08/2022,Rotterdam,77,0,310657,1173,0,9999,650000
26/08/2022,Rotterdam,42,0,310699,1173,0,9999,650000
27/08/2022,Rotterdam,,,,,,,650000
28/08/2022,Rotterdam,,,,,,,650000
29/08/2022,Rotterdam,24,0,310816,1173,0,9999,650000
30/08/2022,Rotterdam,29,0,310845,1173,0,9999,650000
31/08/2022,Rotterdam,38,0,310883,1173,0,9999,650000
01/09/2022,Rotterdam,,,,,,,650000
02/09/2022,Rotterdam,36,0,310961,1173,0,9999,650000
03/09/2022,Rotterdam,,,,,,,650000
04/09/2022,Rotterdam,,,,,,,650000
05/09/2022,Rotterdam,,,,,,,650000
06/09/2022,Rotterdam,40,0,311094,1173,0,9999,650000
07/09/2022,Rotterdam,,,,,,,650000
08/09/2022,Rotterdam,,,,,,,650000
09/09/2022,Rotterdam,52,0,311259,1173,0,9999,650000
10/09/2022,Rotterdam,,,,,,,650000
11/09/2022,Rotterdam,,,,,,,650000
12/09/2022,Rotterdam,,,,,,,650000
13/09/2022,Rotterdam,42,0,311377,1173,0,9999,650000
14/09/2022,Rotterdam,,,,,,,650000
15/09/2022,Rotterdam,,,,,,,650000
16/09/2022,Rotterdam,,,,,,,650000
17/09/2022,Rotterdam,,,,,,,650000