date,subregion1_name,new_confirmed,new_deceased,cumulative_confirmed,cumulative_deceased,new_persons_vaccinated,cumulative_persons_vaccinated,population
01/01/2020,Stockholm,,,,,,,2344124
02/01/2020,Stockholm,,,,,,,2344124
03/01/2020,Stockholm,,,,,,,2344124
04/01/2020,Stockholm,,,,,,,2344124
05/01/2020,Stockholm,,,,,,,2344124
06/01/2020,Stockholm,,,,,,,2344124
07/01/2020,Stockholm,,,,,,,2344124
08/01/2020,Stockholm,,,,,,,2344124
09/01/2020,Stockholm,,,,,,,2344124
10/01/2020,Stockholm,,,,,,,2344124
11/01/2020,Stockholm,,,,,,,2344124
12/01/2020,Stockholm,,,,,,,2344124
13/01/2020,Stockholm,,,,,,,2344124
14/01/2020,Stockholm,,,,,,,2344124
15/01/2020,Stockholm,,,,,,,2344124
16/01/2020,Stockholm,,,,,,,2344124
17/01/2020,Stockholm,,,,,,,2344124
18/01/2020,Stockholm,,,,,,,2344124
19/01/2020,Stockholm,,,,,,,2344124
20/01/2020,Stockholm,,,,,,,2344124
21/01/2020,Stockholm,,,,,,,2344124
22/01/2020,Stockholm,,,,,,,2344124
23/01/2020,Stockholm,,,,,,,2344124
24/01/2020,Stockholm,,,,,,,2344124
25/01/2020,Stockholm,,,,,,,2344124
26/01/2020,Stockholm,,,,,,,2344124
27/01/2020,Stockholm,,,,,,,2344124
28/01/2020,Stockholm,,,,,,,2344124
29/01/2020,Stockholm,,,,,,,2344124
30/01/2020,Stockholm,,,,,,,2344124
31/01/2020,Stockholm,,,,,,,2344124
01/02/2020,Stockholm,,,,,,,2344124
02/02/2020,Stockholm,,,,,,,2344124
03/02/2020,Stockholm,,,,,,,2344124
04/02/2020,Stockholm,0,,0,,,,2344124
05/02/2020,Stockholm,0,,0,,,,2344124
06/02/2020,Stockholm,0,,0,,,,2344124
07/02/2020,Stockholm,0,,0,,,,2344124
08/02/2020,Stockholm,0,,0,,,,2344124
09/02/2020,Stockholm,0,,0,,,,2344124
10/02/2020,Stockholm,0,,0,,,,2344124
11/02/2020,Stockholm,0,,0,,,,2344124
12/02/2020,Stockholm,0,,0,,,,2344124
13/02/2020,Stockholm,0,,0,,,,2344124
14/02/2020,Stockholm,0,,0,,,,2344124
15/02/2020,Stockholm,0,,0,,,,2344124
16/02/2020,Stockholm,0,,0,,,,2344124
17/02/2020,Stockholm,0,,0,,,,2344124
18/02/2020,Stockholm,0,,0,,,,2344124
19/02/2020,Stockholm,0,,0,,,,2344124
20/02/2020,Stockholm,0,,0,,,,2344124
21/02/2020,Stockholm,0,,0,,,,2344124
22/02/2020,Stockholm,0,,0,,,,2344124
23/02/2020,Stockholm,0,,0,,,,2344124
24/02/2020,Stockholm,0,,0,,,,2344124
25/02/2020,Stockholm,0,,0,,,,2344124
26/02/2020,Stockholm,0,,0,,,,2344124
27/02/2020,Stockholm,1,,1,,,,2344124
28/02/2020,Stockholm,2,,3,,,,2344124
29/02/2020,Stockholm,1,,4,,,,2344124
01/03/2020,Stockholm,0,,4,,,,2344124
02/03/2020,Stockholm,1,,5,,,,2344124
03/03/2020,Stockholm,10,,15,,,,2344124
04/03/2020,Stockholm,21,,36,,,,2344124
05/03/2020,Stockholm,22,,58,,,,2344124
06/03/2020,Stockholm,36,,94,,,,2344124
07/03/2020,Stockholm,21,,115,,,,2344124
08/03/2020,Stockholm,29,,144,,,,2344124
09/03/2020,Stockholm,64,,208,,,,2344124
10/03/2020,Stockholm,26,,234,,,,2344124
11/03/2020,Stockholm,32,,266,,,,2344124
12/03/2020,Stockholm,42,,308,,,,2344124
13/03/2020,Stockholm,31,,339,,,,2344124
14/03/2020,Stockholm,18,,357,,,,2344124
15/03/2020,Stockholm,17,,374,,,,2344124
16/03/2020,Stockholm,34,,408,0,,,2344124
17/03/2020,Stockholm,35,0,443,0,,,2344124
18/03/2020,Stockholm,58,0,501,0,,,2344124
19/03/2020,Stockholm,66,0,567,0,,,2344124
20/03/2020,Stockholm,84,0,651,0,,,2344124
21/03/2020,Stockholm,71,0,722,0,,,2344124
22/03/2020,Stockholm,59,0,781,0,,,2344124
23/03/2020,Stockholm,99,0,880,0,,,2344124
24/03/2020,Stockholm,105,0,985,0,,,2344124
25/03/2020,Stockholm,154,0,1139,0,,,2344124
26/03/2020,Stockholm,132,0,1271,0,,,2344124
27/03/2020,Stockholm,176,60,1447,60,,,2344124
28/03/2020,Stockholm,147,3,1594,63,,,2344124
29/03/2020,Stockholm,149,4,1743,67,,,2344124
30/03/2020,Stockholm,172,21,1915,88,,,2344124
31/03/2020,Stockholm,208,15,2123,103,,,2344124
01/04/2020,Stockholm,205,45,2328,148,,,2344124
02/04/2020,Stockholm,216,30,2544,178,,,2344124
03/04/2020,Stockholm,245,26,2789,204,,,2344124
04/04/2020,Stockholm,129,21,2918,225,,,2344124
05/04/2020,Stockholm,172,26,3090,251,,,2344124
06/04/2020,Stockholm,131,52,3221,303,,,2344124
07/04/2020,Stockholm,244,78,3465,381,,,2344124
08/04/2020,Stockholm,271,38,3736,419,,,2344124
09/04/2020,Stockholm,240,67,3976,486,,,2344124
10/04/2020,Stockholm,148,24,4124,510,,,2344124
11/04/2020,Stockholm,200,13,4324,523,,,2344124
12/04/2020,Stockholm,182,5,4506,528,,,2344124
13/04/2020,Stockholm,200,15,4706,543,,,2344124
14/04/2020,Stockholm,179,73,4885,616,,,2344124
15/04/2020,Stockholm,215,86,5100,702,,,2344124
16/04/2020,Stockholm,221,93,5321,795,,,2344124
17/04/2020,Stockholm,222,21,5543,816,,,2344124
18/04/2020,Stockholm,180,81,5723,897,,,2344124
19/04/2020,Stockholm,192,24,5915,921,,,2344124
20/04/2020,Stockholm,211,23,6126,944,,,2344124
21/04/2020,Stockholm,163,78,6289,1022,,,2344124
22/04/2020,Stockholm,289,48,6578,1070,,,2344124
23/04/2020,Stockholm,291,58,6869,1128,,,2344124
24/04/2020,Stockholm,228,64,7097,1192,,,2344124
25/04/2020,Stockholm,138,16,7235,1208,,,2344124
26/04/2020,Stockholm,110,1,7345,1209,,,2344124
27/04/2020,Stockholm,213,28,7558,1237,,,2344124
28/04/2020,Stockholm,240,50,7798,1287,,,2344124
29/04/2020,Stockholm,248,32,8046,1319,,,2344124
30/04/2020,Stockholm,215,87,8261,1406,,,2344124
01/05/2020,Stockholm,141,11,8402,1417,,,2344124
02/05/2020,Stockholm,81,11,8483,1428,,,2344124
03/05/2020,Stockholm,127,2,8610,1430,,,2344124
04/05/2020,Stockholm,149,33,8759,1463,,,2344124
05/05/2020,Stockholm,169,61,8928,1524,,,2344124
06/05/2020,Stockholm,206,27,9134,1551,,,2344124
07/05/2020,Stockholm,267,53,9401,1604,,,2344124
08/05/2020,Stockholm,222,56,9623,1660,,,2344124
09/05/2020,Stockholm,115,14,9738,1674,,,2344124
10/05/2020,Stockholm,78,2,9816,1676,,,2344124
11/05/2020,Stockholm,210,12,10026,1688,,,2344124
12/05/2020,Stockholm,234,10,10260,1698,,,2344124
13/05/2020,Stockholm,236,35,10496,1733,,,2344124
14/05/2020,Stockholm,148,46,10644,1779,,,2344124
15/05/2020,Stockholm,184,43,10828,1822,,,2344124
16/05/2020,Stockholm,64,11,10892,1833,,,2344124
17/05/2020,Stockholm,59,4,10951,1837,,,2344124
18/05/2020,Stockholm,150,8,11101,1845,,,2344124
19/05/2020,Stockholm,177,19,11278,1864,,,2344124
20/05/2020,Stockholm,174,15,11452,1879,,,2344124
21/05/2020,Stockholm,120,5,11572,1884,,,2344124
22/05/2020,Stockholm,144,1,11716,1885,,,2344124
23/05/2020,Stockholm,78,51,11794,1936,,,2344124
24/05/2020,Stockholm,59,0,11853,1936,,,2344124
25/05/2020,Stockholm,160,6,12013,1942,,,2344124
26/05/2020,Stockholm,197,29,12210,1971,,,2344124
27/05/2020,Stockholm,206,37,12416,2008,,,2344124
28/05/2020,Stockholm,278,8,12694,2016,,,2344124
29/05/2020,Stockholm,210,2,12904,2018,,,2344124
30/05/2020,Stockholm,73,37,12977,2055,,,2344124
31/05/2020,Stockholm,67,0,13044,2055,,,2344124
01/06/2020,Stockholm,160,3,13204,2058,,,2344124
02/06/2020,Stockholm,153,23,13357,2081,,,2344124
03/06/2020,Stockholm,234,18,13591,2099,,,2344124
04/06/2020,Stockholm,206,4,13797,2103,,,2344124
05/06/2020,Stockholm,227,33,14024,2136,,,2344124
06/06/2020,Stockholm,176,1,14200,2137,,,2344124
07/06/2020,Stockholm,47,1,14247,2138,,,2344124
08/06/2020,Stockholm,243,19,14490,2157,,,2344124
09/06/2020,Stockholm,240,2,14730,2159,,,2344124
10/06/2020,Stockholm,263,19,14993,2178,,,2344124
11/06/2020,Stockholm,206,6,15199,2184,,,2344124
12/06/2020,Stockholm,185,1,15384,2185,,,2344124
13/06/2020,Stockholm,163,1,15547,2186,,,2344124
14/06/2020,Stockholm,75,0,15622,2186,,,2344124
15/06/2020,Stockholm,116,1,15738,2187,,,2344124
16/06/2020,Stockholm,214,24,15952,2211,,,2344124
17/06/2020,Stockholm,360,40,16312,2251,,,2344124
18/06/2020,Stockholm,379,1,16691,2252,,,2344124
19/06/2020,Stockholm,371,,17062,,,,2344124
20/06/2020,Stockholm,198,,17260,,,,2344124
21/06/2020,Stockholm,92,,17352,,,,2344124
22/06/2020,Stockholm,217,20,17569,2272,,,2344124
23/06/2020,Stockholm,217,4,17786,2276,,,2344124
24/06/2020,Stockholm,284,9,18070,2285,,,2344124
25/06/2020,Stockholm,228,12,18298,2297,,,2344124
26/06/2020,Stockholm,224,1,18522,2298,,,2344124
27/06/2020,Stockholm,248,,18770,,,,2344124
28/06/2020,Stockholm,191,,18961,,,,2344124
29/06/2020,Stockholm,239,0,19200,2298,,,2344124
30/06/2020,Stockholm,170,4,19370,2302,,,2344124
01/07/2020,Stockholm,172,1,19542,2303,,,2344124
02/07/2020,Stockholm,169,34,19711,2337,,,2344124
03/07/2020,Stockholm,176,0,19887,2337,,,2344124
04/07/2020,Stockholm,96,,19983,,,,2344124
05/07/2020,Stockholm,108,,20091,,,,2344124
06/07/2020,Stockholm,53,0,20144,2337,,,2344124
07/07/2020,Stockholm,47,7,20191,2344,,,2344124
08/07/2020,Stockholm,123,0,20314,2344,,,2344124
09/07/2020,Stockholm,85,9,20399,2353,,,2344124
10/07/2020,Stockholm,73,9,20472,2362,,,2344124
11/07/2020,Stockholm,73,,20545,,,,2344124
12/07/2020,Stockholm,28,,20573,,,,2344124
13/07/2020,Stockholm,31,4,20604,2366,,,2344124
14/07/2020,Stockholm,88,0,20692,2366,,,2344124
15/07/2020,Stockholm,64,6,20756,2372,,,2344124
16/07/2020,Stockholm,86,0,20842,2372,,,2344124
17/07/2020,Stockholm,78,1,20920,2373,,,2344124
18/07/2020,Stockholm,30,,20950,,,,2344124
19/07/2020,Stockholm,18,,20968,,,,2344124
20/07/2020,Stockholm,23,4,20991,2377,,,2344124
21/07/2020,Stockholm,78,0,21069,2377,,,2344124
22/07/2020,Stockholm,69,0,21138,2377,,,2344124
23/07/2020,Stockholm,57,3,21195,2380,,,2344124
24/07/2020,Stockholm,60,4,21255,2384,,,2344124
25/07/2020,Stockholm,21,,21276,,,,2344124
26/07/2020,Stockholm,21,,21297,,,,2344124
27/07/2020,Stockholm,9,0,21306,2384,,,2344124
28/07/2020,Stockholm,78,0,21384,2384,,,2344124
29/07/2020,Stockholm,46,0,21430,2384,,,2344124
30/07/2020,Stockholm,49,3,21479,2387,,,2344124
31/07/2020,Stockholm,43,0,21522,2387,,,2344124
01/08/2020,Stockholm,64,,21586,,,,2344124
02/08/2020,Stockholm,6,,21592,,,,2344124
03/08/2020,Stockholm,22,-2,21614,2385,,,2344124
04/08/2020,Stockholm,92,0,21706,2385,,,2344124
05/08/2020,Stockholm,59,0,21765,2385,,,2344124
06/08/2020,Stockholm,67,2,21832,2387,,,2344124
07/08/2020,Stockholm,48,0,21880,2387,,,2344124
08/08/2020,Stockholm,51,,21931,,,,2344124
09/08/2020,Stockholm,24,0,21955,2387,,,2344124
10/08/2020,Stockholm,37,0,21992,2387,,,2344124
11/08/2020,Stockholm,102,0,22094,2387,,,2344124
12/08/2020,Stockholm,81,0,22175,2387,,,2344124
13/08/2020,Stockholm,55,5,22230,2392,,,2344124
14/08/2020,Stockholm,81,,22311,,,,2344124
15/08/2020,Stockholm,55,,22366,,,,2344124
16/08/2020,Stockholm,5,0,22371,2392,,,2344124
17/08/2020,Stockholm,35,0,22406,2392,,,2344124
18/08/2020,Stockholm,71,0,22477,2392,,,2344124
19/08/2020,Stockholm,73,0,22550,2392,,,2344124
20/08/2020,Stockholm,65,0,22615,2392,,,2344124
21/08/2020,Stockholm,59,,22674,,,,2344124
22/08/2020,Stockholm,49,,22723,,,,2344124
23/08/2020,Stockholm,1,0,22724,2392,,,2344124
24/08/2020,Stockholm,30,0,22754,2392,,,2344124
25/08/2020,Stockholm,48,0,22802,2392,,,2344124
26/08/2020,Stockholm,47,0,22849,2392,,,2344124
27/08/2020,Stockholm,35,1,22884,2393,,,2344124
28/08/2020,Stockholm,39,,22923,,,,2344124
29/08/2020,Stockholm,26,,22949,,,,2344124
30/08/2020,Stockholm,14,1,22963,2394,,,2344124
31/08/2020,Stockholm,20,4,22983,2398,,,2344124
01/09/2020,Stockholm,31,0,23014,2398,,,2344124
02/09/2020,Stockholm,38,0,23052,2398,,,2344124
03/09/2020,Stockholm,58,0,23110,2398,,,2344124
04/09/2020,Stockholm,53,,23163,,,,2344124
05/09/2020,Stockholm,42,,23205,,,,2344124
06/09/2020,Stockholm,11,0,23216,2398,,,2344124
07/09/2020,Stockholm,11,0,23227,2398,,,2344124
08/09/2020,Stockholm,39,0,23266,2398,,,2344124
09/09/2020,Stockholm,44,0,23310,2398,,,2344124
10/09/2020,Stockholm,50,2,23360,2400,,,2344124
11/09/2020,Stockholm,65,,23425,,,,2344124
12/09/2020,Stockholm,78,,23503,,,,2344124
13/09/2020,Stockholm,18,,23521,,,,2344124
14/09/2020,Stockholm,23,0,23544,2400,,,2344124
15/09/2020,Stockholm,52,0,23596,2400,,,2344124
16/09/2020,Stockholm,94,0,23690,2400,,,2344124
17/09/2020,Stockholm,135,0,23825,2400,,,2344124
18/09/2020,Stockholm,124,,23949,,,,2344124
19/09/2020,Stockholm,95,,24044,,,,2344124
20/09/2020,Stockholm,14,,24058,,,,2344124
21/09/2020,Stockholm,67,3,24125,2403,,,2344124
22/09/2020,Stockholm,141,0,24266,2403,,,2344124
23/09/2020,Stockholm,181,0,24447,2403,,,2344124
24/09/2020,Stockholm,159,0,24606,2403,,,2344124
25/09/2020,Stockholm,185,,24791,,,,2344124
26/09/2020,Stockholm,155,,24946,,,,2344124
27/09/2020,Stockholm,35,,24981,,,,2344124
28/09/2020,Stockholm,81,0,25062,2403,,,2344124
29/09/2020,Stockholm,261,2,25323,2405,,,2344124
30/09/2020,Stockholm,221,0,25544,2405,,,2344124
01/10/2020,Stockholm,228,0,25772,2405,,,2344124
02/10/2020,Stockholm,235,,26007,,,,2344124
03/10/2020,Stockholm,182,,26189,,,,2344124
04/10/2020,Stockholm,44,,26233,,,,2344124
05/10/2020,Stockholm,70,0,26303,2405,,,2344124
06/10/2020,Stockholm,297,3,26600,2408,,,2344124
07/10/2020,Stockholm,270,0,26870,2408,,,2344124
08/10/2020,Stockholm,309,0,27179,2408,,,2344124
09/10/2020,Stockholm,292,,27471,,,,2344124
10/10/2020,Stockholm,192,,27663,,,,2344124
11/10/2020,Stockholm,72,,27735,,,,2344124
12/10/2020,Stockholm,90,2,27825,2410,,,2344124
13/10/2020,Stockholm,293,0,28118,2410,,,2344124
14/10/2020,Stockholm,319,3,28437,2413,,,2344124
15/10/2020,Stockholm,281,3,28718,2416,,,2344124
16/10/2020,Stockholm,340,,29058,,,,2344124
17/10/2020,Stockholm,270,,29328,,,,2344124
18/10/2020,Stockholm,63,,29391,,,,2344124
19/10/2020,Stockholm,127,3,29518,2419,,,2344124
20/10/2020,Stockholm,398,2,29916,2421,,,2344124
21/10/2020,Stockholm,541,0,30457,2421,,,2344124
22/10/2020,Stockholm,521,0,30978,2421,,,2344124
23/10/2020,Stockholm,578,,31556,,,,2344124
24/10/2020,Stockholm,713,,32269,,,,2344124
25/10/2020,Stockholm,79,,32348,,,,2344124
26/10/2020,Stockholm,174,3,32522,2424,,,2344124
27/10/2020,Stockholm,412,4,32934,2428,,,2344124
28/10/2020,Stockholm,1202,1,34136,2429,,,2344124
29/10/2020,Stockholm,1007,0,35143,2429,,,2344124
30/10/2020,Stockholm,1143,,36286,,,,2344124
31/10/2020,Stockholm,1536,,37822,,,,2344124
01/11/2020,Stockholm,275,,38097,,,,2344124
02/11/2020,Stockholm,240,8,38337,2437,,,2344124
03/11/2020,Stockholm,841,10,39178,2447,,,2344124
04/11/2020,Stockholm,1528,2,40706,2449,,,2344124
05/11/2020,Stockholm,1607,7,42313,2456,,,2344124
06/11/2020,Stockholm,1126,,43439,,,,2344124
07/11/2020,Stockholm,1974,,45413,,,,2344124
08/11/2020,Stockholm,379,,45792,,,,2344124
09/11/2020,Stockholm,548,11,46340,2467,,,2344124
10/11/2020,Stockholm,1254,1,47594,2468,,,2344124
11/11/2020,Stockholm,1965,27,49559,2495,,,2344124
12/11/2020,Stockholm,1695,13,51254,2508,,,2344124
13/11/2020,Stockholm,2247,,53501,,,,2344124
14/11/2020,Stockholm,1364,,54865,,,,2344124
15/11/2020,Stockholm,416,,55281,,,,2344124
16/11/2020,Stockholm,644,21,55925,2529,,,2344124
17/11/2020,Stockholm,1314,35,57239,2564,,,2344124
18/11/2020,Stockholm,1435,1,58674,2565,,,2344124
19/11/2020,Stockholm,1843,40,60517,2605,,,2344124
20/11/2020,Stockholm,1874,,62391,,,,2344124
21/11/2020,Stockholm,1681,,64072,,,,2344124
22/11/2020,Stockholm,730,,64802,,,,2344124
23/11/2020,Stockholm,991,26,65793,2631,,,2344124
24/11/2020,Stockholm,1481,1,67274,2632,,,2344124
25/11/2020,Stockholm,2038,35,69312,2667,,,2344124
26/11/2020,Stockholm,2497,21,71809,2688,,,2344124
27/11/2020,Stockholm,2190,,73999,,,,2344124
28/11/2020,Stockholm,1185,,75184,,,,2344124
29/11/2020,Stockholm,744,,75928,,,,2344124
30/11/2020,Stockholm,1054,11,76982,2699,,,2344124
01/12/2020,Stockholm,1805,52,78787,2751,,,2344124
02/12/2020,Stockholm,2062,23,80849,2774,,,2344124
03/12/2020,Stockholm,1882,19,82731,2793,,,2344124
04/12/2020,Stockholm,1979,,84710,,,,2344124
05/12/2020,Stockholm,1236,,85946,,,,2344124
06/12/2020,Stockholm,446,,86392,,,,2344124
07/12/2020,Stockholm,843,41,87235,2834,,,2344124
08/12/2020,Stockholm,2011,2,89246,2836,,,2344124
09/12/2020,Stockholm,2561,28,91807,2864,,,2344124
10/12/2020,Stockholm,1817,72,93624,2936,,,2344124
11/12/2020,Stockholm,2031,,95655,,,,2344124
12/12/2020,Stockholm,1341,,96996,,,,2344124
13/12/2020,Stockholm,694,,97690,,,,2344124
14/12/2020,Stockholm,998,43,98688,2979,,,2344124
15/12/2020,Stockholm,1812,4,100500,2983,,,2344124
16/12/2020,Stockholm,2446,55,102946,3038,,,2344124
17/12/2020,Stockholm,1727,26,104673,3064,,,2344124
18/12/2020,Stockholm,1826,,106499,,,,2344124
19/12/2020,Stockholm,1132,,107631,,,,2344124
20/12/2020,Stockholm,505,,108136,,,,2344124
21/12/2020,Stockholm,772,49,108908,3113,,,2344124
22/12/2020,Stockholm,1535,1,110443,3114,,,2344124
23/12/2020,Stockholm,2294,,112737,,,,2344124
24/12/2020,Stockholm,1160,,113897,,,,2344124
25/12/2020,Stockholm,604,,114501,,,,2344124
26/12/2020,Stockholm,916,,115417,,,,2344124
27/12/2020,Stockholm,180,,115597,,,,2344124
28/12/2020,Stockholm,937,42,116534,3156,,,2344124
29/12/2020,Stockholm,1762,115,118296,3271,,,2344124
30/12/2020,Stockholm,1642,,119938,,,228,2344124
31/12/2020,Stockholm,776,,120714,,,,2344124
01/01/2021,Stockholm,239,,120953,,,,2344124
02/01/2021,Stockholm,760,,121713,,,,2344124
03/01/2021,Stockholm,161,,121874,,,,2344124
04/01/2021,Stockholm,1092,48,122966,3319,,,2344124
05/01/2021,Stockholm,1313,,124279,,,,2344124
06/01/2021,Stockholm,820,0,125099,3319,1633,1861,2344124
07/01/2021,Stockholm,1071,42,126170,3361,,,2344124
08/01/2021,Stockholm,828,,126998,,4183,6044,2344124
09/01/2021,Stockholm,463,,127461,,,,2344124
10/01/2021,Stockholm,215,,127676,,,,2344124
11/01/2021,Stockholm,528,67,128204,3428,,,2344124
12/01/2021,Stockholm,1054,0,129258,3428,,,2344124
13/01/2021,Stockholm,716,41,129974,3469,,,2344124
14/01/2021,Stockholm,545,3,130519,3472,,,2344124
15/01/2021,Stockholm,537,,131056,,14222,20266,2344124
16/01/2021,Stockholm,235,,131291,,,,2344124
17/01/2021,Stockholm,140,,131431,,,,2344124
18/01/2021,Stockholm,289,65,131720,3537,,,2344124
19/01/2021,Stockholm,980,32,132700,3569,,,2344124
20/01/2021,Stockholm,697,22,133397,3591,,,2344124
21/01/2021,Stockholm,586,0,133983,3591,,,2344124
22/01/2021,Stockholm,552,,134535,,11836,32102,2344124
23/01/2021,Stockholm,324,,134859,,,,2344124
24/01/2021,Stockholm,117,,134976,,,,2344124
25/01/2021,Stockholm,262,56,135238,3647,,,2344124
26/01/2021,Stockholm,1088,2,136326,3649,,,2344124
27/01/2021,Stockholm,578,36,136904,3685,,,2344124
28/01/2021,Stockholm,422,29,137326,3714,,,2344124
29/01/2021,Stockholm,707,,138033,,9672,41774,2344124
30/01/2021,Stockholm,314,,138347,,,,2344124
31/01/2021,Stockholm,134,,138481,,,,2344124
01/02/2021,Stockholm,372,23,138853,3737,,,2344124
02/02/2021,Stockholm,832,-6,139685,3731,,,2344124
03/02/2021,Stockholm,497,0,140182,3731,,,2344124
04/02/2021,Stockholm,594,37,140776,3768,,,2344124
05/02/2021,Stockholm,593,,141369,,8125,49899,2344124
06/02/2021,Stockholm,178,,141547,,,,2344124
07/02/2021,Stockholm,156,,141703,,,,2344124
08/02/2021,Stockholm,498,0,142201,3768,,,2344124
09/02/2021,Stockholm,804,33,143005,3801,,,2344124
10/02/2021,Stockholm,714,10,143719,3811,,,2344124
11/02/2021,Stockholm,795,9,144514,3820,,,2344124
12/02/2021,Stockholm,733,,145247,,4677,54576,2344124
13/02/2021,Stockholm,277,,145524,,,,2344124
14/02/2021,Stockholm,177,,145701,,,,2344124
15/02/2021,Stockholm,671,1,146372,3821,,,2344124
16/02/2021,Stockholm,879,19,147251,3840,,,2344124
17/02/2021,Stockholm,1064,0,148315,3840,,,2344124
18/02/2021,Stockholm,1008,11,149323,3851,,,2344124
19/02/2021,Stockholm,850,,150173,,7286,61862,2344124
20/02/2021,Stockholm,326,,150499,,,,2344124
21/02/2021,Stockholm,278,,150777,,,,2344124
22/02/2021,Stockholm,870,11,151647,3862,,,2344124
23/02/2021,Stockholm,1526,3,153173,3865,,,2344124
24/02/2021,Stockholm,1035,0,154208,3865,,,2344124
25/02/2021,Stockholm,938,1,155146,3866,,,2344124
26/02/2021,Stockholm,1171,,156317,,17752,79614,2344124
27/02/2021,Stockholm,533,,156850,,,,2344124
28/02/2021,Stockholm,256,,157106,,,,2344124
01/03/2021,Stockholm,1054,14,158160,3880,,,2344124
02/03/2021,Stockholm,1449,22,159609,3902,,,2344124
03/03/2021,Stockholm,1087,6,160696,3908,,,2344124
04/03/2021,Stockholm,1077,1,161773,3909,,,2344124
05/03/2021,Stockholm,920,,162693,,24680,104294,2344124
06/03/2021,Stockholm,724,,163417,,,,2344124
07/03/2021,Stockholm,354,,163771,,,,2344124
08/03/2021,Stockholm,917,4,164688,3913,,,2344124
09/03/2021,Stockholm,1459,0,166147,3913,,,2344124
10/03/2021,Stockholm,1556,16,167703,3929,,,2344124
11/03/2021,Stockholm,1265,5,168968,3934,,,2344124
12/03/2021,Stockholm,1237,,170205,,30891,135185,2344124
13/03/2021,Stockholm,874,,171079,,,,2344124
14/03/2021,Stockholm,332,,171411,,,,2344124
15/03/2021,Stockholm,1175,2,172586,3936,,,2344124
16/03/2021,Stockholm,1909,21,174495,3957,,,2344124
17/03/2021,Stockholm,1650,0,176145,3957,,,2344124
18/03/2021,Stockholm,1198,9,177343,3966,,,2344124
19/03/2021,Stockholm,1284,,178627,,22376,157561,2344124
20/03/2021,Stockholm,600,,179227,,,,2344124
21/03/2021,Stockholm,426,,179653,,,,2344124
22/03/2021,Stockholm,741,21,180394,3987,,,2344124
23/03/2021,Stockholm,2234,1,182628,3988,,,2344124
24/03/2021,Stockholm,1841,6,184469,3994,,,2344124
25/03/2021,Stockholm,1371,7,185840,4001,,,2344124
26/03/2021,Stockholm,1544,,187384,,26063,183624,2344124
27/03/2021,Stockholm,997,,188381,,,,2344124
28/03/2021,Stockholm,289,,188670,,,,2344124
29/03/2021,Stockholm,1040,2,189710,4003,,,2344124
30/03/2021,Stockholm,2325,0,192035,4003,,,2344124
31/03/2021,Stockholm,2172,26,194207,4029,,,2344124
01/04/2021,Stockholm,1675,,195882,,,,2344124
02/04/2021,Stockholm,1481,,197363,,48006,231630,2344124
03/04/2021,Stockholm,694,,198057,,,,2344124
04/04/2021,Stockholm,354,,198411,,,,2344124
05/04/2021,Stockholm,1253,13,199664,4042,,,2344124
06/04/2021,Stockholm,1890,0,201554,4042,,,2344124
07/04/2021,Stockholm,1451,16,203005,4058,,,2344124
08/04/2021,Stockholm,1368,1,204373,4059,,,2344124
09/04/2021,Stockholm,1775,,206148,,44281,275911,2344124
10/04/2021,Stockholm,1206,,207354,,,,2344124
11/04/2021,Stockholm,430,,207784,,,,2344124
12/04/2021,Stockholm,946,18,208730,4077,,,2344124
13/04/2021,Stockholm,2385,0,211115,4077,,,2344124
14/04/2021,Stockholm,1561,28,212676,4105,,,2344124
15/04/2021,Stockholm,1758,0,214434,4105,,,2344124
16/04/2021,Stockholm,1536,,215970,,72906,348817,2344124
17/04/2021,Stockholm,856,,216826,,,,2344124
18/04/2021,Stockholm,480,,217306,,,,2344124
19/04/2021,Stockholm,721,19,218027,4124,,,2344124
20/04/2021,Stockholm,1585,15,219612,4139,,,2344124
21/04/2021,Stockholm,1556,0,221168,4139,,,2344124
22/04/2021,Stockholm,1464,21,222632,4160,,,2344124
23/04/2021,Stockholm,1328,,223960,,77218,426035,2344124
24/04/2021,Stockholm,895,,224855,,,,2344124
25/04/2021,Stockholm,460,,225315,,,,2344124
26/04/2021,Stockholm,1075,0,226390,4160,,,2344124
27/04/2021,Stockholm,1362,0,227752,4160,,,2344124
28/04/2021,Stockholm,1749,0,229501,4160,,,2344124
29/04/2021,Stockholm,1342,28,230843,4188,,,2344124
30/04/2021,Stockholm,1202,,232045,,79972,506007,2344124
01/05/2021,Stockholm,1155,,233200,,,,2344124
02/05/2021,Stockholm,458,,233658,,,,2344124
03/05/2021,Stockholm,1120,15,234778,4203,,,2344124
04/05/2021,Stockholm,1263,27,236041,4230,,,2344124
05/05/2021,Stockholm,1414,0,237455,4230,,,2344124
06/05/2021,Stockholm,1199,0,238654,4230,,,2344124
07/05/2021,Stockholm,1297,,239951,,80782,586789,2344124
08/05/2021,Stockholm,958,,240909,,,,2344124
09/05/2021,Stockholm,376,,241285,,,,2344124
10/05/2021,Stockholm,903,14,242188,4244,,,2344124
11/05/2021,Stockholm,1076,22,243264,4266,,,2344124
12/05/2021,Stockholm,1214,,244478,,,,2344124
13/05/2021,Stockholm,767,0,245245,4266,,,2344124
14/05/2021,Stockholm,586,,245831,,77271,664060,2344124
15/05/2021,Stockholm,755,,246586,,,,2344124
16/05/2021,Stockholm,288,,246874,,,,2344124
17/05/2021,Stockholm,741,1,247615,4267,,,2344124
18/05/2021,Stockholm,644,27,248259,4294,,,2344124
19/05/2021,Stockholm,660,0,248919,4294,,,2344124
20/05/2021,Stockholm,483,0,249402,4294,,,2344124
21/05/2021,Stockholm,402,,249804,,73737,737797,2344124
22/05/2021,Stockholm,305,,250109,,,,2344124
23/05/2021,Stockholm,151,,250260,,,,2344124
24/05/2021,Stockholm,409,11,250669,4305,,,2344124
25/05/2021,Stockholm,366,15,251035,4320,,,2344124
26/05/2021,Stockholm,153,0,251188,4320,,,2344124
27/05/2021,Stockholm,0,,251188,,,,2344124
28/05/2021,Stockholm,0,,251188,,65710,803507,2344124
29/05/2021,Stockholm,0,,251188,,,,2344124
30/05/2021,Stockholm,550,,251738,,,,2344124
31/05/2021,Stockholm,143,,251881,,,,2344124
01/06/2021,Stockholm,613,,252494,,,,2344124
02/06/2021,Stockholm,243,19,252737,4339,,,2344124
03/06/2021,Stockholm,144,0,252881,4339,,,2344124
04/06/2021,Stockholm,143,,253024,,59630,863137,2344124
05/06/2021,Stockholm,85,,253109,,,,2344124
06/06/2021,Stockholm,52,,253161,,,,2344124
07/06/2021,Stockholm,136,5,253297,4344,,,2344124
08/06/2021,Stockholm,162,5,253459,4349,,,2344124
09/06/2021,Stockholm,93,0,253552,4349,,,2344124
10/06/2021,Stockholm,131,4,253683,4353,,,2344124
11/06/2021,Stockholm,62,,253745,,71186,934323,2344124
12/06/2021,Stockholm,97,,253842,,,,2344124
13/06/2021,Stockholm,28,0,253870,4353,,,2344124
14/06/2021,Stockholm,0,,253870,,,,2344124
15/06/2021,Stockholm,0,,253870,,,,2344124
16/06/2021,Stockholm,0,,253870,,,,2344124
17/06/2021,Stockholm,345,,254215,,,,2344124
18/06/2021,Stockholm,85,,254300,,74976,1009299,2344124
19/06/2021,Stockholm,0,,254300,,,,2344124
20/06/2021,Stockholm,0,,254300,,,,2344124
21/06/2021,Stockholm,128,1,254428,4354,,,2344124
22/06/2021,Stockholm,73,5,254501,4359,,,2344124
23/06/2021,Stockholm,62,0,254563,4359,,,2344124
24/06/2021,Stockholm,55,,254618,,,,2344124
25/06/2021,Stockholm,0,,254618,,50454,1059753,2344124
26/06/2021,Stockholm,0,,254618,,,,2344124
27/06/2021,Stockholm,1,,254619,,,,2344124
28/06/2021,Stockholm,123,0,254742,4359,,,2344124
29/06/2021,Stockholm,62,1,254804,4360,,,2344124
30/06/2021,Stockholm,53,0,254857,4360,,,2344124
01/07/2021,Stockholm,64,0,254921,4360,,,2344124
02/07/2021,Stockholm,80,,255001,,67358,1127111,2344124
03/07/2021,Stockholm,0,,255001,,,,2344124
04/07/2021,Stockholm,0,,255001,,,,2344124
05/07/2021,Stockholm,145,1,255146,4361,,,2344124
06/07/2021,Stockholm,95,0,255241,4361,,,2344124
07/07/2021,Stockholm,70,0,255311,4361,,,2344124
08/07/2021,Stockholm,69,0,255380,4361,,,2344124
09/07/2021,Stockholm,71,,255451,,62315,1189426,2344124
10/07/2021,Stockholm,0,,255451,,,,2344124
11/07/2021,Stockholm,0,,255451,,,,2344124
12/07/2021,Stockholm,182,2,255633,4363,,,2344124
13/07/2021,Stockholm,113,0,255746,4363,,,2344124
14/07/2021,Stockholm,111,1,255857,4364,,,2344124
15/07/2021,Stockholm,136,0,255993,4364,,,2344124
16/07/2021,Stockholm,102,,256095,,86667,1276093,2344124
17/07/2021,Stockholm,0,,256095,,,,2344124
18/07/2021,Stockholm,2,,256097,,,,2344124
19/07/2021,Stockholm,293,5,256390,4369,,,2344124
20/07/2021,Stockholm,148,0,256538,4369,,,2344124
21/07/2021,Stockholm,246,0,256784,4369,,,2344124
22/07/2021,Stockholm,186,0,256970,4369,,,2344124
23/07/2021,Stockholm,157,,257127,,71106,1347199,2344124
24/07/2021,Stockholm,0,,257127,,,,2344124
25/07/2021,Stockholm,0,,257127,,,,2344124
26/07/2021,Stockholm,385,0,257512,4369,,,2344124
27/07/2021,Stockholm,189,0,257701,4369,,,2344124
28/07/2021,Stockholm,224,1,257925,4370,,,2344124
29/07/2021,Stockholm,235,-1,258160,4369,,,2344124
30/07/2021,Stockholm,222,,258382,,41324,1388523,2344124
31/07/2021,Stockholm,1,,258383,,,,2344124
01/08/2021,Stockholm,0,,258383,,,,2344124
02/08/2021,Stockholm,588,0,258971,4369,,,2344124
03/08/2021,Stockholm,258,0,259229,4369,,,2344124
04/08/2021,Stockholm,313,0,259542,4369,,,2344124
05/08/2021,Stockholm,276,0,259818,4369,,,2344124
06/08/2021,Stockholm,314,,260132,,25302,1413825,2344124
07/08/2021,Stockholm,0,,260132,,,,2344124
08/08/2021,Stockholm,0,,260132,,,,2344124
09/08/2021,Stockholm,637,0,260769,4369,,,2344124
10/08/2021,Stockholm,369,0,261138,4369,,,2344124
11/08/2021,Stockholm,340,0,261478,4369,,,2344124
12/08/2021,Stockholm,370,0,261848,4369,,,2344124
13/08/2021,Stockholm,327,,262175,,37265,1451090,2344124
14/08/2021,Stockholm,0,,262175,,,,2344124
15/08/2021,Stockholm,0,,262175,,,,2344124
16/08/2021,Stockholm,757,0,262932,4369,,,2344124
17/08/2021,Stockholm,383,0,263315,4369,,,2344124
18/08/2021,Stockholm,338,0,263653,4369,,,2344124
19/08/2021,Stockholm,337,1,263990,4370,,,2344124
20/08/2021,Stockholm,268,,264258,,31742,1482832,2344124
21/08/2021,Stockholm,0,,264258,,,,2344124
22/08/2021,Stockholm,0,,264258,,,,2344124
23/08/2021,Stockholm,650,0,264908,4370,,,2344124
24/08/2021,Stockholm,276,0,265184,4370,,,2344124
25/08/2021,Stockholm,389,1,265573,4371,,,2344124
26/08/2021,Stockholm,326,2,265899,4373,,,2344124
27/08/2021,Stockholm,294,,266193,,20534,1503366,2344124
28/08/2021,Stockholm,0,,266193,,,,2344124
29/08/2021,Stockholm,1,,266194,,,,2344124
30/08/2021,Stockholm,837,0,267031,4373,,,2344124
31/08/2021,Stockholm,282,0,267313,4373,,,2344124
01/09/2021,Stockholm,323,0,267636,4373,,,2344124
02/09/2021,Stockholm,348,0,267984,4373,,,2344124
03/09/2021,Stockholm,288,,268272,,16473,1519839,2344124
04/09/2021,Stockholm,0,,268272,,,,2344124
05/09/2021,Stockholm,0,,268272,,,,2344124
06/09/2021,Stockholm,869,2,269141,4375,,,2344124
07/09/2021,Stockholm,272,0,269413,4375,,,2344124
08/09/2021,Stockholm,398,1,269811,4376,,,2344124
09/09/2021,Stockholm,343,0,270154,4376,,,2344124
10/09/2021,Stockholm,310,,270464,,15112,1534951,2344124
11/09/2021,Stockholm,0,,270464,,,,2344124
12/09/2021,Stockholm,0,,270464,,,,2344124
13/09/2021,Stockholm,672,12,271136,4388,,,2344124
14/09/2021,Stockholm,269,1,271405,4389,,,2344124
15/09/2021,Stockholm,362,0,271767,4389,,,2344124
16/09/2021,Stockholm,220,14,271987,4403,,,2344124
17/09/2021,Stockholm,237,,272224,,12969,1547920,2344124
18/09/2021,Stockholm,0,,272224,,,,2344124
19/09/2021,Stockholm,0,,272224,,,,2344124
20/09/2021,Stockholm,413,0,272637,4403,,,2344124
21/09/2021,Stockholm,249,8,272886,4411,,,2344124
22/09/2021,Stockholm,207,1,273093,4412,,,2344124
23/09/2021,Stockholm,187,0,273280,4412,,,2344124
24/09/2021,Stockholm,223,,273503,,10205,1558125,2344124
25/09/2021,Stockholm,0,,273503,,,,2344124
26/09/2021,Stockholm,0,,273503,,,,2344124
27/09/2021,Stockholm,420,4,273923,4416,,,2344124
28/09/2021,Stockholm,243,0,274166,4416,,,2344124
29/09/2021,Stockholm,221,4,274387,4420,,,2344124
30/09/2021,Stockholm,222,0,274609,4420,,,2344124
01/10/2021,Stockholm,218,,274827,,7673,1565798,2344124
02/10/2021,Stockholm,0,,274827,,,,2344124
03/10/2021,Stockholm,0,,274827,,,,2344124
04/10/2021,Stockholm,457,1,275284,4421,,,2344124
05/10/2021,Stockholm,214,4,275498,4425,,,2344124
06/10/2021,Stockholm,234,8,275732,4433,,,2344124
07/10/2021,Stockholm,192,0,275924,4433,,,2344124
08/10/2021,Stockholm,212,,276136,,16927,1582725,2344124
09/10/2021,Stockholm,0,,276136,,,,2344124
10/10/2021,Stockholm,0,,276136,,,,2344124
11/10/2021,Stockholm,399,5,276535,4438,,,2344124
12/10/2021,Stockholm,212,0,276747,4438,,,2344124
13/10/2021,Stockholm,230,0,276977,4438,,,2344124
14/10/2021,Stockholm,176,21,277153,4459,,,2344124
15/10/2021,Stockholm,123,,277276,,11250,1593975,2344124
16/10/2021,Stockholm,0,,277276,,,,2344124
17/10/2021,Stockholm,0,,277276,,,,2344124
18/10/2021,Stockholm,393,1,277669,4460,,,2344124
19/10/2021,Stockholm,162,11,277831,4471,,,2344124
20/10/2021,Stockholm,212,0,278043,4471,,,2344124
21/10/2021,Stockholm,222,0,278265,4471,,,2344124
22/10/2021,Stockholm,258,,278523,,8128,1602103,2344124
23/10/2021,Stockholm,151,,278674,,,,2344124
24/10/2021,Stockholm,85,,278759,,,,2344124
25/10/2021,Stockholm,235,1,278994,4472,,,2344124
26/10/2021,Stockholm,269,9,279263,4481,,,2344124
27/10/2021,Stockholm,146,1,279409,4482,,,2344124
28/10/2021,Stockholm,336,5,279745,4487,,,2344124
29/10/2021,Stockholm,242,,279987,,11452,1613555,2344124
30/10/2021,Stockholm,273,,280260,,,,2344124
31/10/2021,Stockholm,80,,280340,,,,2344124
01/11/2021,Stockholm,280,2,280620,4489,,,2344124
02/11/2021,Stockholm,216,2,280836,4491,,,2344124
03/11/2021,Stockholm,238,4,281074,4495,,,2344124
04/11/2021,Stockholm,217,7,281291,4502,,,2344124
05/11/2021,Stockholm,147,,281438,,5156,1618711,2344124
06/11/2021,Stockholm,126,,281564,,,,2344124
07/11/2021,Stockholm,132,,281696,,,,2344124
08/11/2021,Stockholm,161,1,281857,4503,,,2344124
09/11/2021,Stockholm,268,8,282125,4511,,,2344124
10/11/2021,Stockholm,277,0,282402,4511,,,2344124
11/11/2021,Stockholm,185,0,282587,4511,,,2344124
12/11/2021,Stockholm,268,,282855,,10984,1629695,2344124
13/11/2021,Stockholm,263,,283118,,,,2344124
14/11/2021,Stockholm,89,,283207,,,,2344124
15/11/2021,Stockholm,202,0,283409,4511,,,2344124
16/11/2021,Stockholm,201,4,283610,4515,,,2344124
17/11/2021,Stockholm,349,0,283959,4515,,,2344124
18/11/2021,Stockholm,279,0,284238,4515,,,2344124
19/11/2021,Stockholm,365,,284603,,12322,1642017,2344124
20/11/2021,Stockholm,216,,284819,,,,2344124
21/11/2021,Stockholm,178,,284997,,,,2344124
22/11/2021,Stockholm,328,4,285325,4519,,,2344124
23/11/2021,Stockholm,552,9,285877,4528,,,2344124
24/11/2021,Stockholm,483,0,286360,4528,,,2344124
25/11/2021,Stockholm,511,0,286871,4528,,,2344124
26/11/2021,Stockholm,587,,287458,,11368,1653385,2344124
27/11/2021,Stockholm,475,,287933,,,,2344124
28/11/2021,Stockholm,334,,288267,,,,2344124
29/11/2021,Stockholm,513,1,288780,4529,,,2344124
30/11/2021,Stockholm,553,3,289333,4532,,,2344124
01/12/2021,Stockholm,528,1,289861,4533,,,2344124
02/12/2021,Stockholm,415,0,290276,4533,,,2344124
03/12/2021,Stockholm,420,,290696,,12861,1666246,2344124
04/12/2021,Stockholm,530,,291226,,,,2344124
05/12/2021,Stockholm,435,,291661,,,,2344124
06/12/2021,Stockholm,912,2,292573,4535,,,2344124
07/12/2021,Stockholm,824,1,293397,4536,,,2344124
08/12/2021,Stockholm,720,0,294117,4536,,,2344124
09/12/2021,Stockholm,634,0,294751,4536,,,2344124
10/12/2021,Stockholm,725,,295476,,13823,1680069,2344124
11/12/2021,Stockholm,545,,296021,,,,2344124
12/12/2021,Stockholm,657,,296678,,,,2344124
13/12/2021,Stockholm,1008,0,297686,4536,,,2344124
14/12/2021,Stockholm,1055,6,298741,4542,,,2344124
15/12/2021,Stockholm,1136,0,299877,4542,,,2344124
16/12/2021,Stockholm,1038,4,300915,4546,,,2344124
17/12/2021,Stockholm,1131,,302046,,11606,1691675,2344124
18/12/2021,Stockholm,1052,,303098,,,,2344124
19/12/2021,Stockholm,904,,304002,,,,2344124
20/12/2021,Stockholm,1225,1,305227,4547,,,2344124
21/12/2021,Stockholm,1128,10,306355,4557,,,2344124
22/12/2021,Stockholm,1726,1,308081,4558,,,2344124
23/12/2021,Stockholm,1642,,309723,,,,2344124
24/12/2021,Stockholm,1850,,311573,,5098,1696773,2344124
25/12/2021,Stockholm,730,,312303,,,,2344124
26/12/2021,Stockholm,616,,312919,,,,2344124
27/12/2021,Stockholm,1956,0,314875,4558,,,2344124
28/12/2021,Stockholm,2253,0,317128,4558,,,2344124
29/12/2021,Stockholm,2997,10,320125,4568,,,2344124
30/12/2021,Stockholm,3340,,323465,,,,2344124
31/12/2021,Stockholm,3494,,326959,,3959,1700732,2344124
01/01/2022,Stockholm,1832,,328791,,,,2344124
02/01/2022,Stockholm,2006,,330797,,,,2344124
03/01/2022,Stockholm,3316,8,334113,4576,,,2344124
04/01/2022,Stockholm,4694,10,338807,4586,,,2344124
05/01/2022,Stockholm,6185,,344992,,,,2344124
06/01/2022,Stockholm,6612,1,351604,4587,,,2344124
07/01/2022,Stockholm,5413,,357017,,,,2344124
08/01/2022,Stockholm,3867,,360884,,4789,1705521,2344124
09/01/2022,Stockholm,4791,,365675,,,,2344124
10/01/2022,Stockholm,5189,11,370864,4598,,,2344124
11/01/2022,Stockholm,4476,21,375340,4619,,,2344124
12/01/2022,Stockholm,6683,2,382023,4621,,,2344124
13/01/2022,Stockholm,7015,13,389038,4634,,,2344124
14/01/2022,Stockholm,6388,,395426,,,,2344124
15/01/2022,Stockholm,7759,,403185,,5875,1711396,2344124
16/01/2022,Stockholm,5954,,409139,,,,2344124
17/01/2022,Stockholm,8845,3,417984,4637,,,2344124
18/01/2022,Stockholm,10411,21,428395,4658,,,2344124
19/01/2022,Stockholm,9994,-3,438389,4655,,,2344124
20/01/2022,Stockholm,9319,19,447708,4674,,,2344124
21/01/2022,Stockholm,9499,,457207,,,,2344124
22/01/2022,Stockholm,7784,,464991,,5683,1717079,2344124
23/01/2022,Stockholm,7161,,472152,,,,2344124
24/01/2022,Stockholm,8123,0,480275,4674,,,2344124
25/01/2022,Stockholm,9642,28,489917,4702,,,2344124
26/01/2022,Stockholm,9007,0,498924,4702,,,2344124
27/01/2022,Stockholm,8169,28,507093,4730,,,2344124
28/01/2022,Stockholm,7120,,514213,,,,2344124
29/01/2022,Stockholm,4432,,518645,,4130,1721209,2344124
30/01/2022,Stockholm,2414,,521059,,,,2344124
31/01/2022,Stockholm,5513,1,526572,4731,,,2344124
01/02/2022,Stockholm,6146,0,532718,4731,,,2344124
02/02/2022,Stockholm,4927,49,537645,4780,,,2344124
03/02/2022,Stockholm,4692,27,542337,4807,,,2344124
04/02/2022,Stockholm,3230,,545567,,,,2344124
05/02/2022,Stockholm,1367,,546934,,3094,1724303,2344124
06/02/2022,Stockholm,604,,547538,,,,2344124
07/02/2022,Stockholm,2158,1,549696,4808,,,2344124
08/02/2022,Stockholm,1818,52,551514,4860,,,2344124
09/02/2022,Stockholm,2170,1,553684,4861,,,2344124
10/02/2022,Stockholm,605,30,554289,4891,,,2344124
11/02/2022,Stockholm,751,,555040,,,,2344124
12/02/2022,Stockholm,298,,555338,,2579,1726882,2344124
13/02/2022,Stockholm,217,,555555,,,,2344124
14/02/2022,Stockholm,406,0,555961,4891,,,2344124
15/02/2022,Stockholm,419,47,556380,4938,,,2344124
16/02/2022,Stockholm,690,0,557070,4938,,,2344124
17/02/2022,Stockholm,687,34,557757,4972,,,2344124
18/02/2022,Stockholm,789,,558546,,,,2344124
19/02/2022,Stockholm,325,,558871,,1813,1728695,2344124
20/02/2022,Stockholm,221,,559092,,,,2344124
21/02/2022,Stockholm,405,0,559497,4972,,,2344124
22/02/2022,Stockholm,445,49,559942,5021,,,2344124
23/02/2022,Stockholm,574,0,560516,5021,,,2344124
24/02/2022,Stockholm,493,0,561009,5021,,,2344124
25/02/2022,Stockholm,597,,561606,,,,2344124
26/02/2022,Stockholm,197,,561803,,1456,1730151,2344124
27/02/2022,Stockholm,137,,561940,,,,2344124
28/02/2022,Stockholm,396,25,562336,5046,,,2344124
01/03/2022,Stockholm,409,31,562745,5077,,,2344124
02/03/2022,Stockholm,200,0,562945,5077,,,2344124
03/03/2022,Stockholm,357,15,563302,5092,,,2344124
04/03/2022,Stockholm,432,,563734,,,,2344124
05/03/2022,Stockholm,119,,563853,,986,1731137,2344124
06/03/2022,Stockholm,23,,563876,,,,2344124
07/03/2022,Stockholm,260,1,564136,5093,,,2344124
08/03/2022,Stockholm,265,0,564401,5093,,,2344124
09/03/2022,Stockholm,258,19,564659,5112,,,2344124
10/03/2022,Stockholm,306,0,564965,5112,,,2344124
11/03/2022,Stockholm,162,,565127,,,,2344124
12/03/2022,Stockholm,105,,565232,,965,1732102,2344124
13/03/2022,Stockholm,59,,565291,,,,2344124
14/03/2022,Stockholm,123,14,565414,5126,,,2344124
15/03/2022,Stockholm,154,15,565568,5141,,,2344124
16/03/2022,Stockholm,271,0,565839,5141,,,2344124
17/03/2022,Stockholm,656,10,566495,5151,,,2344124
18/03/2022,Stockholm,317,,566812,,,,2344124
19/03/2022,Stockholm,69,,566881,,990,1733092,2344124
20/03/2022,Stockholm,68,,566949,,,,2344124
21/03/2022,Stockholm,196,,567145,,,,2344124
22/03/2022,Stockholm,225,,567370,,,,2344124
23/03/2022,Stockholm,301,12,567671,5163,,,2344124
24/03/2022,Stockholm,452,,568123,,,,2344124
25/03/2022,Stockholm,389,,568512,,,,2344124
26/03/2022,Stockholm,60,,568572,,869,1733961,2344124
27/03/2022,Stockholm,57,,568629,,,,2344124
28/03/2022,Stockholm,228,,568857,,,,2344124
29/03/2022,Stockholm,188,,569045,,,,2344124
30/03/2022,Stockholm,165,14,569210,5177,,,2344124
31/03/2022,Stockholm,174,,569384,,,,2344124
01/04/2022,Stockholm,161,,569545,,,,2344124
02/04/2022,Stockholm,65,,569610,,703,1734664,2344124
03/04/2022,Stockholm,53,,569663,,,,2344124
04/04/2022,Stockholm,56,,569719,,,,2344124
05/04/2022,Stockholm,118,,569837,,,,2344124
06/04/2022,Stockholm,236,25,570073,5202,,,2344124
07/04/2022,Stockholm,149,,570222,,,,2344124
08/04/2022,Stockholm,129,,570351,,,,2344124
09/04/2022,Stockholm,79,,570430,,633,1735297,2344124
10/04/2022,Stockholm,46,,570476,,,,2344124
11/04/2022,Stockholm,150,,570626,,,,2344124
12/04/2022,Stockholm,114,,570740,,,,2344124
13/04/2022,Stockholm,98,13,570838,5215,,,2344124
14/04/2022,Stockholm,93,,570931,,,,2344124
15/04/2022,Stockholm,42,,570973,,,,2344124
16/04/2022,Stockholm,43,,571016,,436,1735733,2344124
17/04/2022,Stockholm,23,,571039,,,,2344124
18/04/2022,Stockholm,36,,571075,,,,2344124
19/04/2022,Stockholm,77,,571152,,,,2344124
20/04/2022,Stockholm,146,7,571298,5222,,,2344124
21/04/2022,Stockholm,130,,571428,,,,2344124
22/04/2022,Stockholm,85,,571513,,,,2344124
23/04/2022,Stockholm,39,,571552,,548,1736281,2344124
24/04/2022,Stockholm,38,,571590,,,,2344124
25/04/2022,Stockholm,100,,571690,,,,2344124
26/04/2022,Stockholm,90,,571780,,,,2344124
27/04/2022,Stockholm,101,4,571881,5226,,,2344124
28/04/2022,Stockholm,113,,571994,,,,2344124
29/04/2022,Stockholm,140,,572134,,,,2344124
30/04/2022,Stockholm,35,,572169,,692,1736973,2344124
01/05/2022,Stockholm,23,,572192,,,,2344124
02/05/2022,Stockholm,71,,572263,,,,2344124
03/05/2022,Stockholm,98,,572361,,,,2344124
04/05/2022,Stockholm,132,12,572493,5238,,,2344124
05/05/2022,Stockholm,61,,572554,,,,2344124
06/05/2022,Stockholm,77,,572631,,,,2344124
07/05/2022,Stockholm,30,,572661,,549,1737522,2344124
08/05/2022,Stockholm,19,,572680,,,,2344124
09/05/2022,Stockholm,79,,572759,,,,2344124
10/05/2022,Stockholm,54,,572813,,,,2344124
11/05/2022,Stockholm,170,5,572983,5243,,,2344124
12/05/2022,Stockholm,99,,573082,,,,2344124
13/05/2022,Stockholm,58,,573140,,,,2344124
14/05/2022,Stockholm,10,,573150,,551,1738073,2344124
15/05/2022,Stockholm,21,,573171,,,,2344124
16/05/2022,Stockholm,43,,573214,,,,2344124
17/05/2022,Stockholm,76,,573290,,,,2344124
18/05/2022,Stockholm,287,6,573577,5249,,,2344124
19/05/2022,Stockholm,214,,573791,,,,2344124
20/05/2022,Stockholm,69,,573860,,,,2344124
21/05/2022,Stockholm,17,,573877,,508,1738581,2344124
22/05/2022,Stockholm,26,,573903,,,,2344124
23/05/2022,Stockholm,77,,573980,,,,2344124
24/05/2022,Stockholm,66,13,574046,5262,,,2344124
25/05/2022,Stockholm,117,,574163,,,,2344124
26/05/2022,Stockholm,39,,574202,,,,2344124
27/05/2022,Stockholm,46,,574248,,,,2344124
28/05/2022,Stockholm,34,,574282,,420,1739001,2344124
29/05/2022,Stockholm,13,,574295,,,,2344124
30/05/2022,Stockholm,37,,574332,,,,2344124
31/05/2022,Stockholm,40,,574372,,,,2344124
01/06/2022,Stockholm,80,7,574452,5269,,,2344124
02/06/2022,Stockholm,56,,574508,,,,2344124
03/06/2022,Stockholm,36,,574544,,,,2344124
04/06/2022,Stockholm,44,,574588,,349,1739350,2344124
05/06/2022,Stockholm,15,,574603,,,,2344124
06/06/2022,Stockholm,34,,574637,,,,2344124
07/06/2022,Stockholm,117,,574754,,,,2344124
08/06/2022,Stockholm,206,8,574960,5277,,,2344124
09/06/2022,Stockholm,175,,575135,,,,2344124
10/06/2022,Stockholm,132,,575267,,,,2344124
11/06/2022,Stockholm,26,,575293,,279,1739629,2344124
12/06/2022,Stockholm,43,,575336,,,,2344124
13/06/2022,Stockholm,73,,575409,,,,2344124
14/06/2022,Stockholm,65,,575474,,,,2344124
15/06/2022,Stockholm,80,5,575554,5282,,,2344124
16/06/2022,Stockholm,160,,575714,,,,2344124
17/06/2022,Stockholm,121,,575835,,,,2344124
18/06/2022,Stockholm,63,,575898,,292,1739921,2344124
19/06/2022,Stockholm,79,,575977,,,,2344124
20/06/2022,Stockholm,127,,576104,,,,2344124
21/06/2022,Stockholm,231,,576335,,,,2344124
22/06/2022,Stockholm,175,7,576510,5289,,,2344124
23/06/2022,Stockholm,166,,576676,,,,2344124
24/06/2022,Stockholm,86,,576762,,,,2344124
25/06/2022,Stockholm,77,,576839,,217,1740138,2344124
26/06/2022,Stockholm,60,,576899,,,,2344124
27/06/2022,Stockholm,189,,577088,,,,2344124
28/06/2022,Stockholm,203,,577291,,,,2344124
29/06/2022,Stockholm,147,7,577438,5296,,,2344124
30/06/2022,Stockholm,236,,577674,,,,2344124
01/07/2022,Stockholm,273,,577947,,,,2344124
02/07/2022,Stockholm,88,,578035,,232,1740370,2344124
03/07/2022,Stockholm,59,,578094,,,,2344124
04/07/2022,Stockholm,177,,578271,,,,2344124
05/07/2022,Stockholm,168,,578439,,,,2344124
06/07/2022,Stockholm,251,5,578690,5301,,,2344124
07/07/2022,Stockholm,182,,578872,,,,2344124
08/07/2022,Stockholm,115,,578987,,,,2344124
09/07/2022,Stockholm,68,,579055,,222,1740592,2344124
10/07/2022,Stockholm,89,,579144,,,,2344124
11/07/2022,Stockholm,222,,579366,,,,2344124
12/07/2022,Stockholm,210,,579576,,,,2344124
13/07/2022,Stockholm,331,14,579907,5315,,,2344124
14/07/2022,Stockholm,269,,580176,,,,2344124
15/07/2022,Stockholm,338,,580514,,,,2344124
16/07/2022,Stockholm,88,,580602,,271,1740863,2344124
17/07/2022,Stockholm,79,,580681,,,,2344124
18/07/2022,Stockholm,245,,580926,,,,2344124
19/07/2022,Stockholm,328,,581254,,,,2344124
20/07/2022,Stockholm,222,0,581476,5315,,,2344124
21/07/2022,Stockholm,236,,581712,,,,2344124
22/07/2022,Stockholm,289,,582001,,,,2344124
23/07/2022,Stockholm,98,,582099,,238,1741101,2344124
24/07/2022,Stockholm,87,,582186,,,,2344124
25/07/2022,Stockholm,158,,582344,,,,2344124
26/07/2022,Stockholm,171,,582515,,,,2344124
27/07/2022,Stockholm,272,30,582787,5345,,,2344124
28/07/2022,Stockholm,305,,583092,,,,2344124
29/07/2022,Stockholm,225,,583317,,,,2344124
30/07/2022,Stockholm,87,,583404,,220,1741321,2344124
31/07/2022,Stockholm,94,,583498,,,,2344124
01/08/2022,Stockholm,163,,583661,,,,2344124
02/08/2022,Stockholm,160,,583821,,,,2344124
03/08/2022,Stockholm,243,17,584064,5362,,,2344124
04/08/2022,Stockholm,240,,584304,,,,2344124
05/08/2022,Stockholm,228,,584532,,,,2344124
06/08/2022,Stockholm,91,,584623,,196,1741517,2344124
07/08/2022,Stockholm,101,,584724,,,,2344124
08/08/2022,Stockholm,115,,584839,,,,2344124
09/08/2022,Stockholm,159,,584998,,,,2344124
10/08/2022,Stockholm,349,22,585347,5384,,,2344124
11/08/2022,Stockholm,407,,585754,,,,2344124
12/08/2022,Stockholm,441,,586195,,,,2344124
13/08/2022,Stockholm,76,,586271,,193,1741710,2344124
14/08/2022,Stockholm,67,,586338,,,,2344124
15/08/2022,Stockholm,254,,586592,,,,2344124
16/08/2022,Stockholm,257,,586849,,,,2344124
17/08/2022,Stockholm,338,34,587187,5418,,,2344124
18/08/2022,Stockholm,362,,587549,,,,2344124
19/08/2022,Stockholm,475,,588024,,,,2344124
20/08/2022,Stockholm,52,,588076,,135,1741845,2344124
21/08/2022,Stockholm,53,,588129,,,,2344124
22/08/2022,Stockholm,318,,588447,,,,2344124
23/08/2022,Stockholm,402,,588849,,,,2344124
24/08/2022,Stockholm,227,37,589076,5455,,,2344124
25/08/2022,Stockholm,260,,589336,,,,2344124
26/08/2022,Stockholm,315,,589651,,,,2344124
27/08/2022,Stockholm,58,,589709,,198,1742043,2344124
28/08/2022,Stockholm,56,,589765,,,,2344124
29/08/2022,Stockholm,206,,589971,,,,2344124
30/08/2022,Stockholm,278,,590249,,,,2344124
31/08/2022,Stockholm,291,23,590540,5478,,,2344124
01/09/2022,Stockholm,206,,590746,,,,2344124
02/09/2022,Stockholm,142,,590888,,,,2344124
03/09/2022,Stockholm,70,,590958,,227,1742270,2344124
04/09/2022,Stockholm,60,,591018,,,,2344124
05/09/2022,Stockholm,174,,591192,,,,2344124
06/09/2022,Stockholm,115,,591307,,,,2344124
07/09/2022,Stockholm,211,12,591518,5490,,,2344124
08/09/2022,Stockholm,184,,591702,,,,2344124
09/09/2022,Stockholm,195,,591897,,,,2344124
10/09/2022,Stockholm,94,,591991,,327,1742597,2344124
11/09/2022,Stockholm,64,,592055,,,,2344124
12/09/2022,Stockholm,167,,592222,,,,2344124
13/09/2022,Stockholm,248,,592470,,,,2344124
14/09/2022,Stockholm,273,13,592743,5503,,,2344124
15/09/2022,Stockholm,,,,,,,2344124
16/09/2022,Stockholm,,,,,,,2344124
17/09/2022,Stockholm,,,,,,,2344124